No.,Indicator,Industry,Stocks,2023,2024,6M_2023,6M_2024,9M_2023,9M_2024,Q1_2023,Q1_2024,Q2_2023,Q2_2024,Q3_2023,Q3_2024,Q4_2023,Q4_2024
1,A. TÀI SẢN NGẮN HẠN,Phần mềm và dịch vụ,"FPT, ITD, CMG, ELC, PIA,","41,594,825,545,471","46,746,724,331,863","43,530,441,675,684","46,219,852,471,291","44,760,934,586,194","48,148,915,643,889","34,089,374,177,155","42,637,418,537,556","43,587,148,401,867","46,262,023,548,433","44,760,934,586,194","48,148,915,643,889","41,682,810,412,074","46,746,724,331,863"
2,I. Tiền và các khoản tương đương tiền,Phần mềm và dịch vụ,"FPT, ITD, CMG, ELC, PIA,","9,123,288,156,968","9,637,339,168,495","6,800,443,901,600","7,635,220,804,461","7,966,665,729,721","8,822,847,580,022","3,624,927,604,048","7,012,892,106,347","6,800,300,556,546","7,598,184,776,889","7,966,665,729,721","8,822,847,580,022","9,138,564,613,640","9,637,339,168,495"
3,1. Tiền,Phần mềm và dịch vụ,"FPT, ITD, CMG, ELC, PIA,","6,616,540,053,222","6,922,885,051,500","4,527,189,983,331","6,259,371,171,574","5,522,822,364,053","5,992,809,925,286","3,346,319,498,556","5,934,595,714,304","4,527,046,638,277","6,259,335,144,002","5,522,822,364,053","5,992,809,925,286","6,616,816,509,894","6,922,885,051,500"
4,2. Các khoản tương đương tiền,Phần mềm và dịch vụ,"FPT, ITD, CMG, ELC, PIA,","2,506,748,103,746","2,714,454,116,995","2,273,253,918,269","1,375,849,632,887","2,443,843,365,668","2,830,037,654,736","278,608,105,492","1,078,296,392,043","2,273,253,918,269","1,338,849,632,887","2,443,843,365,668","2,830,037,654,736","2,521,748,103,746","2,714,454,116,995"
5,II. Đầu tư tài chính ngắn hạn,Phần mềm và dịch vụ,"FPT, ITD, CMG, ELC, PIA,","17,413,991,700,214","21,933,868,963,443","21,552,589,691,241","21,213,309,691,492","20,830,727,016,106","20,832,441,260,819","14,852,355,200,117","19,550,295,760,207","21,552,589,691,241","21,250,316,291,492","20,830,727,016,106","20,832,441,260,819","17,400,991,700,214","21,933,868,963,443"
6,1. Chứng khoán kinh doanh,Phần mềm và dịch vụ,"FPT, ITD, CMG, ELC, PIA,","723,320,938","749,959,368","723,320,938","723,320,938","723,320,938","723,320,938","723,320,938","723,320,938","723,320,938","723,320,938","723,320,938","723,320,938","723,320,938","749,959,368"
7,2. Dự phòng giảm giá chứng khoán kinh doanh,Phần mềm và dịch vụ,"FPT, ITD, CMG, ELC, PIA,","-143,175,938","-221,176,768","-268,670,138","-146,850,538","-144,829,938","-131,512,538","-435,317,938","-143,175,938","-268,670,138","-146,850,538","-144,829,938","-131,512,538","-143,175,938","-221,176,768"
8,3. Đầu tư nắm giữ đến ngày đáo hạn,Phần mềm và dịch vụ,"FPT, ITD, CMG, ELC, PIA,","17,413,411,555,214","21,933,340,180,843","21,552,135,040,441","21,212,733,221,092","20,830,148,525,106","20,831,849,452,419","14,852,067,197,117","19,549,715,615,207","21,552,135,040,441","21,249,739,821,092","20,830,148,525,106","20,831,849,452,419","17,400,411,555,214","21,933,340,180,843"
9,III. Các khoản phải thu ngắn hạn,Phần mềm và dịch vụ,"FPT, ITD, CMG, ELC, PIA,","12,017,068,866,490","12,088,573,389,226","11,442,353,878,129","13,651,233,983,157","12,395,905,255,490","14,388,217,249,275","11,897,006,324,608","12,517,594,104,350","11,493,940,814,367","13,706,202,541,621","12,395,905,255,490","14,388,217,249,275","11,956,030,036,944","12,088,573,389,226"
10,1. Phải thu ngắn hạn của khách hàng,Phần mềm và dịch vụ,"FPT, ITD, CMG, ELC, PIA,","11,338,059,710,694","11,211,036,415,429","10,185,702,776,969","12,724,033,352,438","11,285,590,973,992","13,093,500,621,166","10,249,365,545,395","11,638,714,431,744","10,209,586,664,879","12,770,674,095,070","11,285,590,973,992","13,093,500,621,166","11,372,743,615,574","11,211,036,415,429"
11,2. Trả trước cho người bán ngắn hạn,Phần mềm và dịch vụ,"FPT, ITD, CMG, ELC, PIA,","586,497,008,011","638,092,077,015","712,488,768,092","816,754,259,936","590,039,561,303","741,432,085,759","804,215,052,286","817,937,544,171","712,794,521,881","822,649,658,468","590,039,561,303","741,432,085,759","470,004,588,146","638,092,077,015"
12,4. Phải thu theo tiến độ kế hoạch hợp đồng xây dựng,Phần mềm và dịch vụ,"FPT, ITD, CMG, ELC, PIA,","176,770,894,412","136,097,256,629","227,380,785,100","196,821,565,607","229,678,782,310","194,158,152,911","231,842,985,934","190,429,912,043","227,380,785,100","196,821,565,607","229,678,782,310","194,158,152,911","182,965,994,736","136,097,256,629"
13,5. Phải thu về cho vay ngắn hạn,Phần mềm và dịch vụ,"FPT, ITD, CMG, ELC, PIA,","6,575,430,000","38,670,917,590","67,048,830,446","34,694,400,000","69,078,966,120","59,603,915,000","60,498,311,424","9,014,020,000","57,294,368,657","34,694,400,000","69,078,966,120","59,603,915,000","515,430,000","38,670,917,590"
14,6. Phải thu ngắn hạn khác,Phần mềm và dịch vụ,"FPT, ITD, CMG, ELC, PIA,","1,032,926,422,018","773,410,939,040","1,144,379,488,848","1,074,052,747,135","1,216,466,623,786","1,129,413,312,410","1,430,940,632,064","1,051,766,518,541","1,181,740,682,958","1,076,485,164,435","1,216,466,623,786","1,129,413,312,410","1,052,042,311,719","773,410,939,040"
15,7. Dự phòng phải thu ngắn hạn khó đòi,Phần mềm và dịch vụ,"FPT, ITD, CMG, ELC, PIA,","-1,123,760,598,645","-708,734,216,477","-894,679,171,426","-1,195,122,341,959","-994,982,052,121","-829,890,837,971","-879,856,202,495","-1,190,268,322,149","-894,888,609,208","-1,195,122,341,959","-994,982,052,121","-829,890,837,971","-1,122,274,303,331","-708,734,216,477"
16,8. Tài sản thiếu chờ xử lý,Phần mềm và dịch vụ,"FPT, ITD, CMG, ELC, PIA,",,,"32,400,100",,"32,400,100",,,,"32,400,100",,"32,400,100",,"32,400,100",
17,IV. Hàng tồn kho,Phần mềm và dịch vụ,"FPT, ITD, CMG, ELC, PIA,","1,880,845,569,935","1,921,662,268,580","2,577,099,157,804","2,388,659,320,320","2,260,908,409,696","2,672,226,763,563","2,567,305,843,185","2,193,898,267,123","2,563,557,525,737","2,374,227,092,982","2,260,908,409,696","2,672,226,763,563","1,864,181,927,165","1,921,662,268,580"
18,1. Hàng tồn kho,Phần mềm và dịch vụ,"FPT, ITD, CMG, ELC, PIA,","2,034,171,649,750","2,055,129,806,063","2,739,414,097,309","2,547,738,333,650","2,418,645,432,790","2,826,694,513,759","2,730,750,278,828","2,355,952,784,211","2,725,872,465,242","2,533,306,106,312","2,418,645,432,790","2,826,694,513,759","2,017,330,106,071","2,055,129,806,063"
19,2. Dự phòng giảm giá hàng tồn kho,Phần mềm và dịch vụ,"FPT, ITD, CMG, ELC, PIA,","-153,326,079,815","-133,467,537,483","-162,314,939,505","-159,079,013,330","-157,737,023,094","-154,467,750,196","-163,444,435,643","-162,054,517,088","-162,314,939,505","-159,079,013,330","-157,737,023,094","-154,467,750,196","-153,148,178,906","-133,467,537,483"
20,V. Tài sản ngắn hạn khác,Phần mềm và dịch vụ,"FPT, ITD, CMG, ELC, PIA,","1,159,631,251,864","1,165,280,542,119","1,157,955,046,910","1,331,428,671,861","1,306,728,175,181","1,433,182,790,210","1,147,779,205,197","1,362,738,299,529","1,176,759,813,976","1,333,092,845,449","1,306,728,175,181","1,433,182,790,210","1,323,042,134,111","1,165,280,542,119"
21,1. Chi phí trả trước ngắn hạn,Phần mềm và dịch vụ,"FPT, ITD, CMG, ELC, PIA,","511,702,087,748","457,037,607,861","587,703,774,865","648,798,721,462","708,996,863,311","687,265,348,795","613,091,140,887","706,334,681,836","606,919,567,775","663,478,691,947","708,996,863,311","687,265,348,795","663,390,268,285","457,037,607,861"
22,2. Thuế GTGT còn được khấu trừ,Phần mềm và dịch vụ,"FPT, ITD, CMG, ELC, PIA,","569,753,590,227","651,485,126,032","524,265,771,176","572,630,765,511","548,374,450,121","672,499,535,589","442,905,776,182","563,380,456,846","523,907,503,803","570,814,284,269","548,374,450,121","672,499,535,589","572,486,983,491","651,485,126,032"
23,3. Thuế và các khoản khác phải thu của nhà nước,Phần mềm và dịch vụ,"FPT, ITD, CMG, ELC, PIA,","78,175,573,889","56,757,808,226","45,985,500,869","109,999,184,888","49,356,861,749","73,417,905,826","91,782,288,128","93,023,160,847","45,932,742,398","98,799,869,233","49,356,861,749","73,417,905,826","87,164,882,335","56,757,808,226"
24,B. TÀI SẢN DÀI HẠN,Phần mềm và dịch vụ,"FPT, ITD, CMG, ELC, PIA,","28,026,843,266,094","27,359,464,311,387","25,851,131,551,358","28,959,229,230,064","26,705,293,362,284","29,505,417,781,888","25,464,340,779,211","28,812,902,123,929","25,881,309,095,783","29,001,238,438,784","26,705,293,362,284","29,505,417,781,888","28,053,771,800,599","27,359,464,311,387"
25,I. Các khoản phải thu dài hạn,Phần mềm và dịch vụ,"FPT, ITD, CMG, ELC, PIA,","348,287,393,426","395,021,145,965","267,879,855,044","417,701,777,740","285,393,911,814","447,740,733,501","264,546,361,400","419,368,809,979","267,862,420,725","417,671,549,500","285,393,911,814","447,740,733,501","340,649,169,995","395,021,145,965"
26,2. Trả trước cho người bán dài hạn,Phần mềm và dịch vụ,"FPT, ITD, CMG, ELC, PIA,","13,000,000,000","13,000,000,000",,"13,000,000,000",,"13,000,000,000",,"13,000,000,000",,"13,000,000,000",,"13,000,000,000",,"13,000,000,000"
27,4. Phải thu nội bộ dài hạn,Phần mềm và dịch vụ,"FPT, ITD, CMG, ELC, PIA,",,,,,,,,"5,500,000,000",,,,,,
28,5. Phải thu về cho vay dài hạn,Phần mềm và dịch vụ,"FPT, ITD, CMG, ELC, PIA,","4,398,645,789","2,509,722,351","6,789,134,337","5,798,168,000","11,461,239,826","6,397,416,719","7,062,905,644",,"6,789,134,337","5,798,168,000","11,461,239,826","6,397,416,719","10,458,645,789","2,509,722,351"
29,6. Phải thu dài hạn khác,Phần mềm và dịch vụ,"FPT, ITD, CMG, ELC, PIA,","383,261,230,274","431,883,906,251","313,463,203,344","451,276,092,377","326,305,154,625","480,715,799,419","309,855,938,393","453,241,292,616","313,445,769,025","451,245,864,137","326,305,154,625","480,715,799,419","382,563,006,843","431,883,906,251"
30,7. Dự phòng phải thu dài hạn khó đòi,Phần mềm và dịch vụ,"FPT, ITD, CMG, ELC, PIA,","-52,372,482,637","-52,372,482,637","-52,372,482,637","-52,372,482,637","-52,372,482,637","-52,372,482,637","-52,372,482,637","-52,372,482,637","-52,372,482,637","-52,372,482,637","-52,372,482,637","-52,372,482,637","-52,372,482,637","-52,372,482,637"
31,II. Tài sản cố định,Phần mềm và dịch vụ,"FPT, ITD, CMG, ELC, PIA,","16,177,799,687,800","14,946,362,378,851","14,658,608,011,028","16,634,593,010,572","15,656,771,739,189","16,844,805,341,327","14,455,870,558,913","16,269,282,823,066","14,690,902,368,126","16,827,283,716,982","15,656,771,739,189","16,844,805,341,327","16,174,923,962,883","14,946,362,378,851"
32,1. Tài sản cố định hữu hình,Phần mềm và dịch vụ,"FPT, ITD, CMG, ELC, PIA,","14,443,757,734,719","12,888,581,102,431","12,998,132,803,833","14,676,212,096,113","14,019,247,931,456","14,868,452,493,661","12,717,486,210,845","14,291,005,825,265","13,008,340,110,886","14,667,801,927,991","14,019,247,931,456","14,868,452,493,661","14,441,717,563,202","12,888,581,102,431"
33, Nguyên giá,Phần mềm và dịch vụ,"FPT, ITD, CMG, ELC, PIA,","26,237,082,465,290","24,620,456,690,767","23,832,204,381,008","27,523,166,946,773","25,363,960,433,256","28,203,083,124,854","23,106,390,107,805","26,610,105,051,992","23,872,248,169,253","27,523,960,189,546","25,363,960,433,256","28,203,083,124,854","26,237,507,538,260","24,620,456,690,767"
34, Giá trị hao mòn lũy kế,Phần mềm và dịch vụ,"FPT, ITD, CMG, ELC, PIA,","-11,793,324,730,571","-11,731,875,588,336","-10,834,071,577,175","-12,846,954,850,660","-11,344,712,501,800","-13,334,630,631,193","-10,388,903,896,960","-12,319,099,226,727","-10,863,908,058,367","-12,856,158,261,555","-11,344,712,501,800","-13,334,630,631,193","-11,795,789,975,058","-11,731,875,588,336"
35,2. Tài sản cố định thuê tài chính,Phần mềm và dịch vụ,"FPT, ITD, CMG, ELC, PIA,","4,018,633,151","2,042,708,364","2,911,315,411","3,124,963,681","2,663,721,541","2,382,853,627","29,262,160,342","3,541,847,532","25,006,269,586","3,124,963,681","2,663,721,541","2,382,853,627","4,018,633,151","2,042,708,364"
36, Nguyên giá,Phần mềm và dịch vụ,"FPT, ITD, CMG, ELC, PIA,","8,032,465,332","5,716,034,788","6,789,629,164","7,511,499,920","6,251,200,148","5,990,257,244","54,177,548,964","7,739,446,936","54,020,199,664","7,511,499,920","6,251,200,148","5,990,257,244","8,032,465,332","5,716,034,788"
37, Giá trị hao mòn lũy kế,Phần mềm và dịch vụ,"FPT, ITD, CMG, ELC, PIA,","-4,013,832,181","-3,673,326,424","-3,878,313,753","-4,386,536,239","-3,587,478,607","-3,607,403,617","-24,915,388,622","-4,197,599,404","-29,013,930,078","-4,386,536,239","-3,587,478,607","-3,607,403,617","-4,013,832,181","-3,673,326,424"
38,3. Tài sản cố định vô hình,Phần mềm và dịch vụ,"FPT, ITD, CMG, ELC, PIA,","1,730,023,319,930","2,055,738,568,056","1,657,563,891,784","1,955,255,950,778","1,634,860,086,192","1,973,969,994,039","1,709,122,187,726","1,974,735,150,269","1,657,555,987,654","2,156,356,825,310","1,634,860,086,192","1,973,969,994,039","1,729,187,766,530","2,055,738,568,056"
39, Nguyên giá,Phần mềm và dịch vụ,"FPT, ITD, CMG, ELC, PIA,","3,321,721,406,052","3,678,088,868,622","3,260,462,200,045","3,717,664,311,904","3,156,942,327,221","3,788,379,581,720","3,245,699,094,158","3,653,097,877,988","3,260,433,579,475","3,921,326,843,453","3,156,942,327,221","3,788,379,581,720","3,317,362,226,095","3,678,088,868,622"
40, Giá trị hao mòn lũy kế,Phần mềm và dịch vụ,"FPT, ITD, CMG, ELC, PIA,","-1,591,698,086,122","-1,622,350,300,566","-1,602,898,308,261","-1,762,408,361,126","-1,522,082,241,029","-1,814,409,587,681","-1,536,576,906,432","-1,678,362,727,719","-1,602,877,591,821","-1,764,970,018,143","-1,522,082,241,029","-1,814,409,587,681","-1,588,174,459,565","-1,622,350,300,566"
41,III. Bất động sản đầu tư,Phần mềm và dịch vụ,"FPT, ITD, CMG, ELC, PIA,","8,420,642,762","7,963,544,042","5,568,361,635","8,192,093,402","5,568,361,635","8,077,818,722","5,568,361,635","8,306,368,082","5,568,361,635","8,192,093,402","5,568,361,635","8,077,818,722","8,420,642,762","7,963,544,042"
42, Nguyên giá,Phần mềm và dịch vụ,"FPT, ITD, CMG, ELC, PIA,","18,171,592,354","18,171,592,354","6,744,124,331","18,171,592,354","6,744,124,331","18,171,592,354","6,744,124,331","18,171,592,354","6,744,124,331","18,171,592,354","6,744,124,331","18,171,592,354","18,171,592,354","18,171,592,354"
43, Giá trị hao mòn lũy kế,Phần mềm và dịch vụ,"FPT, ITD, CMG, ELC, PIA,","-9,750,949,592","-10,208,048,312","-1,175,762,696","-9,979,498,952","-1,175,762,696","-10,093,773,632","-1,175,762,696","-9,865,224,272","-1,175,762,696","-9,979,498,952","-1,175,762,696","-10,093,773,632","-9,750,949,592","-10,208,048,312"
44,IV. Tài sản dở dang dài hạn,Phần mềm và dịch vụ,"FPT, ITD, CMG, ELC, PIA,","2,110,840,488,659","2,779,389,448,403","2,574,953,104,427","2,390,896,545,893","2,169,580,030,447","2,456,537,947,270","2,025,524,474,961","2,290,403,944,017","2,574,982,065,386","2,385,253,607,110","2,169,580,030,447","2,456,537,947,270","2,111,085,468,359","2,779,389,448,403"
45,"1. Chi phí sản xuất, kinh doanh dở dang dài hạn",Phần mềm và dịch vụ,"FPT, ITD, CMG, ELC, PIA,","380,000,000",,"380,000,000","190,000,000","380,000,000","190,000,000","240,000,000","380,000,000","380,000,000","190,000,000","380,000,000","190,000,000","380,000,000",
46,2. Chi phí xây dựng cơ bản dở dang,Phần mềm và dịch vụ,"FPT, ITD, CMG, ELC, PIA,","2,110,460,488,659","2,779,389,448,403","2,574,573,104,427","2,390,706,545,893","2,169,200,030,447","2,456,347,947,270","2,025,284,474,961","2,290,023,944,017","2,574,602,065,386","2,385,063,607,110","2,169,200,030,447","2,456,347,947,270","2,110,705,468,359","2,779,389,448,403"
47,V. Đầu tư tài chính dài hạn,Phần mềm và dịch vụ,"FPT, ITD, CMG, ELC, PIA,","3,553,842,281,058","3,427,758,330,418","3,379,096,045,411","3,315,631,850,622","3,580,750,571,052","3,434,524,550,931","3,731,229,636,507","3,600,875,341,603","3,381,427,125,631","3,315,631,850,621","3,580,750,571,052","3,434,524,550,931","3,586,841,194,755","3,427,758,330,418"
48,"2. Đầu tư vào công ty liên kết, liên doanh",Phần mềm và dịch vụ,"FPT, ITD, CMG, ELC, PIA,","2,239,996,760,748","2,319,089,485,565","2,177,416,093,587","2,084,853,610,263","2,233,582,040,235","2,228,682,285,541","2,456,322,492,858","2,295,970,152,009","2,179,747,173,807","2,084,853,610,262","2,233,582,040,235","2,228,682,285,541","2,282,489,474,445","2,319,089,485,565"
49,3. Đầu tư góp vốn vào đơn vị khác,Phần mềm và dịch vụ,"FPT, ITD, CMG, ELC, PIA,","2,927,065,046,038","3,470,810,969,842","2,562,818,597,769","3,066,632,960,629","2,711,251,735,667","3,236,722,086,657","2,495,275,781,800","3,033,776,401,696","2,562,818,597,769","3,066,632,960,629","2,711,251,735,667","3,236,722,086,657","2,918,783,782,418","3,470,810,969,842"
50,4. Dự phòng đầu tư tài chính dài hạn,Phần mềm và dịch vụ,"FPT, ITD, CMG, ELC, PIA,","-1,635,419,525,728","-2,362,342,124,989","-1,381,338,645,945","-1,858,054,720,270","-1,384,283,204,850","-2,033,179,821,267","-1,390,568,638,151","-1,751,071,212,102","-1,381,338,645,945","-1,858,054,720,270","-1,384,283,204,850","-2,033,179,821,267","-1,634,632,062,108","-2,362,342,124,989"
51,5. Đầu tư nắm giữ đến ngày đáo hạn,Phần mềm và dịch vụ,"FPT, ITD, CMG, ELC, PIA,","22,200,000,000","200,000,000","20,200,000,000","22,200,000,000","20,200,000,000","2,300,000,000","170,200,000,000","22,200,000,000","20,200,000,000","22,200,000,000","20,200,000,000","2,300,000,000","20,200,000,000","200,000,000"
52,VI. Tài sản dài hạn khác,Phần mềm và dịch vụ,"FPT, ITD, CMG, ELC, PIA,","5,827,652,772,389","5,802,969,463,708","4,965,026,173,813","6,192,213,951,835","5,007,228,748,147","6,313,731,390,137","4,981,601,385,795","6,224,664,837,182","4,960,566,754,280","6,047,205,621,169","5,007,228,748,147","6,313,731,390,137","5,831,851,361,845","5,802,969,463,708"
53,1. Chi phí trả trước dài hạn,Phần mềm và dịch vụ,"FPT, ITD, CMG, ELC, PIA,","4,109,555,311,346","4,132,373,113,546","3,878,015,548,229","4,053,518,695,913","3,829,180,105,247","4,190,573,737,794","3,906,202,056,600","4,078,547,464,814","3,873,541,482,905","4,053,518,605,916","3,829,180,105,247","4,190,573,737,794","4,105,663,753,756","4,132,373,113,546"
54,2. Tài sản thuế thu nhập hoãn lại,Phần mềm và dịch vụ,"FPT, ITD, CMG, ELC, PIA,","361,459,641,025","573,138,143,484","316,957,441,129","590,250,662,765","347,645,662,248","621,878,199,493","280,968,953,675","463,643,850,052","316,957,441,131","590,276,214,097","347,645,662,248","621,878,199,493","369,549,788,071","573,138,143,484"
55,4. Tài sản dài hạn khác,Phần mềm và dịch vụ,"FPT, ITD, CMG, ELC, PIA,",,,,,,,,,"6,500,000",,,,,
56,5. Lợi thế thương mại,Phần mềm và dịch vụ,"FPT, ITD, CMG, ELC, PIA,","1,356,637,820,018","1,097,458,206,678","770,053,184,455","1,548,444,593,157","830,402,980,652","1,501,279,452,850","794,430,375,520","1,682,473,522,316","770,061,330,244","1,403,410,801,156","830,402,980,652","1,501,279,452,850","1,356,637,820,018","1,097,458,206,678"
57,TỔNG CỘNG TÀI SẢN,Phần mềm và dịch vụ,"FPT, ITD, CMG, ELC, PIA,","69,621,668,811,565","74,106,188,643,250","69,381,573,227,042","75,179,081,701,355","71,466,227,948,478","77,654,333,425,777","59,553,714,956,366","71,450,320,661,485","69,468,457,497,650","75,263,261,987,217","71,466,227,948,478","77,654,333,425,777","69,736,582,212,673","74,106,188,643,250"
58,A. NỢ PHẢI TRẢ,Phần mềm và dịch vụ,"FPT, ITD, CMG, ELC, PIA,","34,762,906,154,878","36,986,325,156,561","36,160,340,688,303","37,426,529,364,452","38,411,516,229,254","37,098,456,218,887","27,925,632,076,629","34,700,200,418,918","36,242,811,138,058","37,451,380,195,399","38,411,516,229,254","37,098,456,218,887","34,865,161,920,011","36,986,325,156,561"
59,I. Nợ ngắn hạn,Phần mềm và dịch vụ,"FPT, ITD, CMG, ELC, PIA,","33,236,172,057,668","35,459,911,331,966","34,657,550,369,676","35,209,875,878,788","36,823,537,071,056","34,779,799,915,438","26,461,884,966,196","32,409,220,718,554","34,716,917,589,722","35,136,190,942,024","36,823,537,071,056","34,779,799,915,438","33,212,624,948,246","35,459,911,331,966"
60,1. Phải trả người bán ngắn hạn,Phần mềm và dịch vụ,"FPT, ITD, CMG, ELC, PIA,","3,909,021,898,137","4,883,986,718,382","3,634,927,741,389","4,288,538,205,215","3,762,484,406,999","4,266,225,958,843","3,839,529,361,478","4,406,420,647,379","3,635,815,913,027","4,327,380,466,343","3,762,484,406,999","4,266,225,958,843","3,899,458,622,047","4,883,986,718,382"
61,2. Người mua trả tiền trước ngắn hạn,Phần mềm và dịch vụ,"FPT, ITD, CMG, ELC, PIA,","716,523,946,631","680,280,865,677","827,528,901,413","1,027,310,235,324","647,136,434,328","748,276,115,946","795,060,474,729","794,204,354,099","827,558,406,229","1,027,170,754,439","647,136,434,328","748,276,115,946","730,683,818,371","680,280,865,677"
62,3. Thuế và các khoản phải nộp Nhà nước,Phần mềm và dịch vụ,"FPT, ITD, CMG, ELC, PIA,","1,519,895,518,774","2,323,448,328,636","872,091,106,805","1,418,813,239,191","1,146,481,906,926","1,765,137,192,242","709,533,566,944","1,058,253,496,620","871,782,760,526","1,407,646,528,972","1,146,481,906,926","1,765,137,192,242","1,518,089,737,430","2,323,448,328,636"
63,4. Phải trả người lao động,Phần mềm và dịch vụ,"FPT, ITD, CMG, ELC, PIA,","3,963,988,480,176","4,279,831,491,902","2,674,307,021,983","4,114,000,098,868","3,780,274,954,108","4,671,894,191,472","2,033,463,035,856","2,834,667,275,819","2,674,292,325,208","4,113,910,526,976","3,780,274,954,108","4,671,894,191,472","4,004,258,286,723","4,279,831,491,902"
64,5. Chi phí phải trả ngắn hạn,Phần mềm và dịch vụ,"FPT, ITD, CMG, ELC, PIA,","1,301,844,433,716","1,259,256,961,998","1,499,817,234,645","1,764,210,254,929","1,764,711,682,476","1,944,556,258,737","1,378,896,545,256","1,439,618,538,959","1,497,511,028,158","1,709,134,946,678","1,764,711,682,476","1,944,556,258,737","1,361,633,343,399","1,259,256,961,998"
65,7. Phải trả theo tiến độ kế hoạch hợp đồng xây dựng,Phần mềm và dịch vụ,"FPT, ITD, CMG, ELC, PIA,","78,456,375,540","92,738,882,375","83,376,234,795","80,065,381,119","92,239,834,804","73,935,649,016","63,181,791,091","71,558,000,530","83,376,234,795","80,065,381,119","92,239,834,804","73,935,649,016","78,456,375,540","92,738,882,375"
66,15. Doanh thu chưa thực hiện ngắn hạn,Phần mềm và dịch vụ,"FPT, ITD, CMG, ELC, PIA,","3,818,120,445,324","4,255,288,367,739","2,834,255,573,556","3,009,085,298,598","3,597,436,665,665","3,851,544,261,626","2,690,413,945,514","2,680,656,744,845","2,878,335,540,770","3,047,682,603,019","3,597,436,665,665","3,851,544,261,626","3,857,719,959,480","4,255,288,367,739"
67,9. Phải trả ngắn hạn khác,Phần mềm và dịch vụ,"FPT, ITD, CMG, ELC, PIA,","1,142,870,623,288","921,707,539,237","735,295,277,788","1,009,584,914,145","829,838,045,469","979,929,594,385","752,076,529,715","875,166,055,400","758,936,954,327","1,018,416,725,644","829,838,045,469","979,929,594,385","1,135,669,503,851","921,707,539,237"
68,10. Vay và nợ thuê tài chính ngắn hạn,Phần mềm và dịch vụ,"FPT, ITD, CMG, ELC, PIA,","14,838,500,599,070","14,482,311,126,848","20,297,957,472,865","17,169,293,300,900","20,068,976,728,684","15,265,698,995,481","12,940,717,367,758","16,812,946,402,703","20,273,113,276,336","17,075,808,058,335","20,068,976,728,684","15,265,698,995,481","14,731,827,734,263","14,482,311,126,848"
69,11. Dự phòng phải trả ngắn hạn,Phần mềm và dịch vụ,"FPT, ITD, CMG, ELC, PIA,","439,410,956,980","439,921,519,215","351,541,132,771","193,729,480,852","313,819,559,681","91,832,732,253","362,034,718,544","305,513,448,641","369,699,818,680","193,729,480,852","313,819,559,681","91,832,732,253","400,566,201,816","439,921,519,215"
70,12. Quỹ khen thưởng phúc lợi,Phần mềm và dịch vụ,"FPT, ITD, CMG, ELC, PIA,","1,507,538,780,032","1,841,139,529,957","846,452,671,666","1,135,245,469,647","820,136,851,916","1,120,768,965,437","896,977,629,311","1,130,215,753,559","846,495,331,666","1,135,245,469,647","820,136,851,916","1,120,768,965,437","1,494,261,365,326","1,841,139,529,957"
71,II. Nợ dài hạn,Phần mềm và dịch vụ,"FPT, ITD, CMG, ELC, PIA,","1,526,734,097,210","1,526,413,824,595","1,502,790,318,627","2,216,653,485,664","1,587,979,158,198","2,318,656,303,449","1,463,747,110,433","2,290,979,700,364","1,525,893,548,336","2,315,189,253,375","1,587,979,158,198","2,318,656,303,449","1,652,536,971,765","1,526,413,824,595"
72,1. Phải trả người bán dài hạn,Phần mềm và dịch vụ,"FPT, ITD, CMG, ELC, PIA,",,,,,"37,931,559,822",,,,,,"37,931,559,822",,,
73,2. Người mua trả tiền trước dài hạn,Phần mềm và dịch vụ,"FPT, ITD, CMG, ELC, PIA,",,,,,"15,024,071,903",,,,,,"15,024,071,903",,,
74,3. Chi phí phải trả dài hạn,Phần mềm và dịch vụ,"FPT, ITD, CMG, ELC, PIA,",,,,,"819,945,832,396",,,,,,"819,945,832,396",,,
75,6. Doanh thu chưa thực hiện dài hạn,Phần mềm và dịch vụ,"FPT, ITD, CMG, ELC, PIA,","165,310,361,334","131,344,534,204","165,089,059,171","152,713,969,575","134,553,566,063","165,438,929,884","155,550,755,872","153,525,056,336","165,628,633,365","159,007,277,466","134,553,566,063","165,438,929,884","165,395,700,503","131,344,534,204"
76,7. Phải trả dài hạn khác,Phần mềm và dịch vụ,"FPT, ITD, CMG, ELC, PIA,","57,214,240,047","191,037,700,758","49,177,069,271","219,224,831,641","41,717,073,177","216,214,029,085","36,588,941,436","210,969,400,321","42,155,775,133","219,010,304,552","41,717,073,177","216,214,029,085","65,983,248,055","191,037,700,758"
77,8. Vay và nợ thuê tài chính dài hạn,Phần mềm và dịch vụ,"FPT, ITD, CMG, ELC, PIA,","875,108,106,008","501,115,537,075","970,923,052,269","1,326,976,410,904","172,070,230,363","1,369,950,961,656","1,032,617,977,638","1,383,603,477,952","1,018,666,687,833","1,419,433,397,807","172,070,230,363","1,369,950,961,656","976,980,862,702","501,115,537,075"
78,11. Thuế thu nhập hoãn lại phải trả,Phần mềm và dịch vụ,"FPT, ITD, CMG, ELC, PIA,","342,503,512,714","421,478,205,888","273,893,505,907","377,088,771,799","312,473,398,512","376,254,854,333","204,768,400,797","426,346,642,394","273,893,505,905","377,088,771,805","312,473,398,512","376,254,854,333","354,354,113,398","421,478,205,888"
79,12. Dự phòng phải trả dài hạn,Phần mềm và dịch vụ,"FPT, ITD, CMG, ELC, PIA,","82,112,017,312","281,245,750,387","41,939,734,423","123,294,013,526","43,080,131,027","181,798,868,977","12,267,168,869","107,070,041,762","8,808,276,406","123,294,013,526","43,080,131,027","181,798,868,977","83,337,187,312","281,245,750,387"
80,13. Quỹ phát triển khoa học và công nghệ,Phần mềm và dịch vụ,"FPT, ITD, CMG, ELC, PIA,","4,485,859,795","192,096,283","16,740,669,694","17,355,488,219","11,183,294,935","8,998,659,514","21,953,865,821","9,465,081,599","16,740,669,694","17,355,488,219","11,183,294,935","8,998,659,514","6,485,859,795","192,096,283"
81,B. VỐN CHỦ SỞ HỮU,Phần mềm và dịch vụ,"FPT, ITD, CMG, ELC, PIA,","34,858,762,656,687","37,119,863,486,689","33,221,232,538,739","37,752,552,336,903","33,054,711,719,224","40,555,877,206,890","31,628,082,879,737","36,750,120,242,568","33,225,646,359,592","37,811,881,791,818","33,054,711,719,224","40,555,877,206,890","34,871,420,292,662","37,119,863,486,689"
82,I. Vốn chủ sở hữu,Phần mềm và dịch vụ,"FPT, ITD, CMG, ELC, PIA,","34,856,012,656,687","37,117,113,486,689","33,218,482,538,739","37,749,802,336,903","33,051,961,719,224","40,553,127,206,890","31,625,332,879,737","36,747,370,242,568","33,222,896,359,592","37,809,131,791,818","33,051,961,719,224","40,553,127,206,890","34,868,670,292,662","37,117,113,486,689"
83,1. Vốn góp của chủ sở hữu,Phần mềm và dịch vụ,"FPT, ITD, CMG, ELC, PIA,","15,707,195,390,000","15,582,592,600,000","13,421,400,880,000","17,626,110,300,000","15,472,083,050,000","17,625,692,300,000","13,348,350,380,000","15,711,318,390,000","13,421,400,880,000","17,626,110,300,000","15,472,083,050,000","17,625,692,300,000","15,707,195,390,000","15,582,592,600,000"
84, Cổ phiếu phổ thông có quyền biểu quyết,Phần mềm và dịch vụ,"FPT, ITD, CMG, ELC, PIA,","15,707,195,390,000","15,582,592,600,000","13,421,400,880,000","17,626,110,300,000","15,472,083,050,000","17,625,692,300,000","13,348,350,380,000","15,711,318,390,000","13,421,400,880,000","17,626,110,300,000","15,472,083,050,000","17,625,692,300,000","15,707,195,390,000","15,582,592,600,000"
85,2. Thặng dư vốn cổ phần,Phần mềm và dịch vụ,"FPT, ITD, CMG, ELC, PIA,","76,775,753,811","49,713,213,411","466,339,947,527","76,775,753,811","162,185,537,527","76,775,753,811","466,339,947,527","76,775,753,811","466,339,947,527","76,775,753,811","162,185,537,527","76,775,753,811","87,408,683,481","49,713,213,411"
86,4. Vốn khác của chủ sở hữu,Phần mềm và dịch vụ,"FPT, ITD, CMG, ELC, PIA,","2,304,364,922,535","1,929,012,703,454","1,512,077,783,880","2,303,842,470,749","1,554,727,773,425","2,303,842,470,749","1,512,077,783,880","2,303,842,470,749","1,512,077,783,880","2,303,842,470,749","1,554,727,773,425","2,303,842,470,749","2,304,265,063,425","1,929,012,703,454"
87,5. Cổ phiếu quỹ (*),Phần mềm và dịch vụ,"FPT, ITD, CMG, ELC, PIA,","-721,880,000",,"-902,880,000","-1,139,880,000","-721,880,000","-749,880,000","-721,880,000","-1,007,880,000","-902,880,000","-1,139,880,000","-721,880,000","-749,880,000","-721,880,000",
88,7. Chênh lệch tỷ giá hối đoái,Phần mềm và dịch vụ,"FPT, ITD, CMG, ELC, PIA,","-20,581,023,906","-49,482,336,677","-65,441,604,671","-62,312,833,318","-48,925,792,792","-31,599,310,473","-41,040,685,872","-37,428,623,429","-62,811,569,270","-49,817,283,460","-48,925,792,792","-31,599,310,473","-16,316,308,871","-49,482,336,677"
89,8. Quỹ đầu tư phát triển,Phần mềm và dịch vụ,"FPT, ITD, CMG, ELC, PIA,","1,576,443,009,660","2,136,861,875,085","1,248,377,677,691","1,717,708,689,002","1,340,105,398,801","1,813,779,817,652","1,193,610,357,506","1,653,368,700,330","1,248,377,668,467","1,717,708,689,002","1,340,105,398,801","1,813,779,817,652","1,588,030,750,888","2,136,861,875,085"
90,10. Quỹ khác thuộc vốn chủ sở hữu,Phần mềm và dịch vụ,"FPT, ITD, CMG, ELC, PIA,","92,403,093,024","92,930,484,825","92,403,093,024","92,930,484,825","92,403,093,024","92,930,484,825","92,403,093,024","92,930,484,825","92,403,093,024","92,930,484,825","92,403,093,024","92,930,484,825","92,403,093,024","92,930,484,825"
91,11. Lợi nhuận sau thuế chưa phân phối,Phần mềm và dịch vụ,"FPT, ITD, CMG, ELC, PIA,","9,162,508,615,910","11,249,339,083,951","11,291,168,779,333","9,753,835,168,094","8,896,822,255,079","11,978,186,109,025","9,789,407,420,239","11,044,585,520,965","11,292,465,705,348","9,751,530,104,414","8,896,822,255,079","11,978,186,109,025","9,166,610,462,434","11,249,339,083,951"
92, LNST chưa phân phối lũy kế đến cuối kỳ trước,Phần mềm và dịch vụ,"FPT, ITD, CMG, ELC, PIA,","4,595,302,944,664","5,580,362,490,688","8,147,210,803,872","5,924,820,680,183","5,442,351,253,719","5,925,709,984,138","8,216,934,249,312","9,159,496,265,613","8,137,530,534,018","5,921,662,535,916","5,442,351,253,719","5,925,709,984,138","4,617,326,681,144","5,580,362,490,688"
93, LNST chưa phân phối kỳ này,Phần mềm và dịch vụ,"FPT, ITD, CMG, ELC, PIA,","4,567,205,671,246","5,668,976,593,263","3,143,957,975,461","3,829,014,487,911","3,454,471,001,360","6,052,476,124,887","1,572,473,170,927","1,885,089,255,352","3,154,935,171,330","3,829,867,568,498","3,454,471,001,360","6,052,476,124,887","4,549,283,781,290","5,668,976,593,263"
94,13. Lợi ích cổ đông không kiểm soát,Phần mềm và dịch vụ,"FPT, ITD, CMG, ELC, PIA,","5,957,624,775,653","6,126,145,862,640","5,253,058,861,955","6,242,052,183,740","5,583,282,284,160","6,694,269,461,301","5,264,906,463,433","5,902,985,425,317","5,253,545,730,616","6,291,191,152,477","5,583,282,284,160","6,694,269,461,301","5,939,795,038,281","6,126,145,862,640"
95,II. Nguồn kinh phí và quỹ khác,Phần mềm và dịch vụ,"FPT, ITD, CMG, ELC, PIA,","2,750,000,000","2,750,000,000","2,750,000,000","2,750,000,000","2,750,000,000","2,750,000,000","2,750,000,000","2,750,000,000","2,750,000,000","2,750,000,000","2,750,000,000","2,750,000,000","2,750,000,000","2,750,000,000"
96,1. Nguồn kinh phí,Phần mềm và dịch vụ,"FPT, ITD, CMG, ELC, PIA,","2,750,000,000","2,750,000,000","2,750,000,000","2,750,000,000","2,750,000,000","2,750,000,000","2,750,000,000","2,750,000,000","2,750,000,000","2,750,000,000","2,750,000,000","2,750,000,000","2,750,000,000","2,750,000,000"
97,TỔNG CỘNG NGUỒN VỐN,Phần mềm và dịch vụ,"FPT, ITD, CMG, ELC, PIA,","69,621,668,811,565","74,106,188,643,250","69,381,573,227,042","75,179,081,701,355","71,466,227,948,478","77,654,333,425,777","59,553,714,956,366","71,450,320,661,486","69,468,457,497,650","75,263,261,987,217","71,466,227,948,478","77,654,333,425,777","69,736,582,212,673","74,106,188,643,250"
98,1. Doanh thu bán hàng và cung cấp dịch vụ,Phần mềm và dịch vụ,"FPT, ITD, CMG, ELC, PIA,","61,659,197,036,376","63,921,691,561,746","28,056,957,495,222","33,827,597,209,968","44,508,824,653,800","52,480,664,419,792","13,640,556,219,138","16,098,642,086,430","14,420,135,354,940","17,725,490,290,000","16,451,867,158,578","18,653,067,209,824","17,128,287,251,547","18,083,467,545,887"
99,2. Các khoản giảm trừ doanh thu,Phần mềm và dịch vụ,"FPT, ITD, CMG, ELC, PIA,","9,902,770,240","113,857,783,268","2,930,425,370","1,034,856,277","4,084,649,206","73,197,440,220","2,722,453,552","581,483,777","207,971,818","665,872,500","1,154,223,836","72,162,583,943","5,818,121,034","43,247,573,048"
100,3. Doanh thu thuần về bán hàng và cung cấp dịch vụ,Phần mềm và dịch vụ,"FPT, ITD, CMG, ELC, PIA,","61,649,294,266,136","63,807,833,778,478","28,054,027,069,852","33,826,562,353,691","44,504,740,004,594","52,407,466,979,572","13,637,833,765,586","16,098,060,602,653","14,419,927,383,122","17,724,824,417,500","16,450,712,934,742","18,580,904,625,881","17,122,469,130,513","18,040,219,972,839"
101,4. Giá vốn hàng bán,Phần mềm và dịch vụ,"FPT, ITD, CMG, ELC, PIA,","39,560,761,036,966","39,703,689,876,919","18,108,683,914,197","21,860,943,578,885","28,532,583,825,540","33,730,433,083,787","8,699,921,241,401","10,196,025,734,404","9,417,636,349,746","11,661,924,678,582","10,423,899,911,343","11,869,489,504,902","11,014,292,253,010","11,404,151,680,235"
102,5. Lợi nhuận gộp về bán hàng và cung cấp dịch vụ,Phần mềm và dịch vụ,"FPT, ITD, CMG, ELC, PIA,","22,088,533,229,170","24,104,143,901,559","9,945,343,155,655","11,965,618,774,806","15,972,156,179,054","18,677,033,895,785","4,937,912,524,185","5,902,034,868,249","5,002,291,033,376","6,062,899,738,918","6,026,813,023,399","6,711,415,120,979","6,108,176,877,503","6,636,068,292,604"
103,6. Doanh thu hoạt động tài chính,Phần mềm và dịch vụ,"FPT, ITD, CMG, ELC, PIA,","2,518,118,559,208","1,954,913,158,213","1,378,557,268,593","1,101,454,385,591","1,927,042,243,632","1,452,514,569,239","707,149,265,715","495,611,957,944","669,533,980,326","607,174,143,945","548,484,975,039","351,069,020,648","590,225,202,750","586,309,466,097"
104,7. Chi phí tài chính,Phần mềm và dịch vụ,"FPT, ITD, CMG, ELC, PIA,","1,836,497,772,861","1,824,630,453,736","841,262,376,960","729,707,560,585","1,283,453,006,313","1,078,083,403,914","523,666,849,084","357,774,446,993","315,612,841,003","372,892,827,016","442,190,629,353","348,375,843,329","553,082,346,009","836,034,396,918"
105,Trong đó :Chi phí lãi vay,Phần mềm và dịch vụ,"FPT, ITD, CMG, ELC, PIA,","919,433,542,050","554,678,191,545","412,194,866,633","328,708,245,915","704,656,233,650","483,919,279,501","169,453,232,843","156,939,278,976","236,910,303,353","171,855,300,272","292,461,367,017","154,406,033,586","225,882,575,340","135,577,187,130"
106,"8. Phần lãi/lỗ trong công ty liên doanh, liên kết",Phần mềm và dịch vụ,"FPT, ITD, CMG, ELC, PIA,","78,606,377,864","393,450,841,071","-1,277,714,375","151,685,597,725","50,261,498,603","300,991,636,310","52,152,910,635","82,814,707,208","-53,413,408,547","68,870,890,517","51,539,212,978","149,306,038,585","63,630,531,847","117,814,326,987"
107,9. Chi phí bán hàng,Phần mềm và dịch vụ,"FPT, ITD, CMG, ELC, PIA,","5,868,330,431,112","6,295,067,578,295","2,618,045,058,706","3,267,938,284,105","4,204,802,479,150","5,007,628,175,517","1,236,099,894,819","1,515,323,975,246","1,377,513,371,365","1,750,029,360,409","1,586,757,420,444","1,739,689,891,412","1,499,726,997,526","1,708,455,651,486"
108,10. Chi phí quản lý doanh nghiệp,Phần mềm và dịch vụ,"FPT, ITD, CMG, ELC, PIA,","7,333,782,922,728","7,168,054,847,488","3,363,205,055,524","3,832,898,831,397","5,350,878,753,016","5,801,546,908,289","1,729,652,291,680","1,967,455,181,595","1,632,600,214,914","1,870,319,289,856","1,987,673,697,492","1,968,648,076,892","2,188,843,017,940","1,772,210,701,789"
109,11. Lợi nhuận thuần từ hoạt động kinh doanh,Phần mềm và dịch vụ,"FPT, ITD, CMG, ELC, PIA,","9,646,647,039,541","11,164,755,021,324","4,500,110,218,683","5,388,214,082,035","7,110,325,682,810","8,543,281,613,614","2,207,795,664,952","2,639,907,929,567","2,292,685,177,873","2,745,703,296,099","2,610,215,464,127","3,155,076,368,579","2,520,380,250,625","3,023,491,335,495"
110,12. Thu nhập khác,Phần mềm và dịch vụ,"FPT, ITD, CMG, ELC, PIA,","217,929,838,764","150,353,492,947","93,683,587,039","76,424,125,670","148,838,096,059","114,503,238,069","44,179,396,902","46,116,964,386","53,910,358,136","30,399,760,551","55,154,509,020","38,070,407,025","70,202,515,379","43,115,495,467"
111,13. Chi phí khác,Phần mềm và dịch vụ,"FPT, ITD, CMG, ELC, PIA,","119,932,901,663","109,031,292,020","41,519,072,798","36,561,687,988","100,562,958,544","116,764,565,365","19,619,688,393","29,988,182,164","26,255,596,996","6,400,161,908","59,043,885,746","80,203,009,003","18,159,986,127","3,384,603,418"
112,14. Lợi nhuận khác,Phần mềm và dịch vụ,"FPT, ITD, CMG, ELC, PIA,","97,996,937,101","41,322,200,927","52,164,514,241","39,862,437,682","48,275,137,515","-2,261,327,296","24,559,708,509","16,128,782,222","27,654,761,140","23,999,598,643","-3,889,376,726","-42,132,601,978","52,042,529,252","39,730,892,049"
113,15. Tổng lợi nhuận kế toán trước thuế,Phần mềm và dịch vụ,"FPT, ITD, CMG, ELC, PIA,","9,744,643,976,642","11,206,077,222,251","4,552,274,732,924","5,428,076,519,717","7,158,600,820,325","8,541,020,286,318","2,232,355,373,461","2,656,036,711,789","2,320,339,939,013","2,769,702,894,742","2,606,326,087,401","3,112,943,766,601","2,572,422,779,877","3,063,222,227,544"
114,16. Chi phí thuế TNDN hiện hành,Phần mềm và dịch vụ,"FPT, ITD, CMG, ELC, PIA,","1,503,418,233,974","1,950,791,252,391","672,473,275,150","984,401,283,786","1,046,655,751,879","1,453,627,201,739","324,235,498,399","408,258,992,097","348,231,778,271","576,306,859,473","374,182,476,729","469,225,917,953","447,057,746,404","554,157,348,618"
115,17. Chi phí thuế TNDN hoãn lại,Phần mềm và dịch vụ,"FPT, ITD, CMG, ELC, PIA,","-6,283,591,809","-279,899,518,991","26,600,516,540","-198,155,203,915","35,250,083,589","-211,641,222,005","2,288,906,311","-17,056,080,074","24,311,610,230","-181,124,675,167","8,649,567,049","-13,486,018,091","-37,757,352,498","-70,687,608,117"
116,18. Lợi nhuận sau thuế thu nhập doanh nghiệp,Phần mềm và dịch vụ,"FPT, ITD, CMG, ELC, PIA,","8,247,509,334,477","9,535,185,488,851","3,853,200,941,234","4,641,830,439,846","6,076,694,984,857","7,299,034,306,584","1,905,830,968,751","2,264,833,799,766","1,947,796,550,512","2,374,520,710,436","2,223,494,043,623","2,657,203,866,739","2,163,122,385,971","2,579,752,487,043"
117,Lợi ích của cổ đông thiểu số,Phần mềm và dịch vụ,"FPT, ITD, CMG, ELC, PIA,","1,413,501,694,125","1,575,761,064,255","698,381,680,327","812,815,951,935","1,068,210,780,372","1,237,538,158,411","333,357,797,825","379,780,101,307","365,022,605,450","429,706,840,397","369,829,100,045","424,722,206,475","344,881,584,433","408,950,032,100"
118,Lợi nhuận sau thuế của cổ đông của Công ty mẹ,Phần mềm và dịch vụ,"FPT, ITD, CMG, ELC, PIA,","6,834,007,640,352","7,959,424,424,596","3,154,819,260,907","3,829,014,487,911","5,008,484,204,485","6,061,496,148,173","1,572,473,170,926","1,885,053,698,459","1,582,773,945,062","1,944,813,870,039","1,853,664,943,578","2,232,481,660,264","1,818,240,801,538","2,170,802,454,943"
119,19. Lãi cơ bản trên cổ phiếu,Phần mềm và dịch vụ,"FPT, ITD, CMG, ELC, PIA,","8,458","9,677","3,805","4,515","4,778","7,326","1,236","1,589","2,918","2,943",515,"2,809","3,623","3,934"
120,20. Lãi suy giảm trên cổ phiếu,Phần mềm và dịch vụ,"FPT, ITD, CMG, ELC, PIA,","7,475","6,098","3,380","3,399","5,226","5,357","1,918","1,854","1,824","1,418","1,373","2,095",925,"1,905"
121,1. Lợi nhuận trước thuế,Phần mềm và dịch vụ,"FPT, ITD, CMG, ELC, PIA,","9,744,643,976,642","11,206,077,222,251","4,552,274,732,924","5,428,076,519,717","7,158,600,820,325","8,541,020,286,318","2,232,351,480,142","2,656,036,711,789",,,,,,
122,Khấu hao TSCĐ và BĐSĐT,Phần mềm và dịch vụ,"FPT, ITD, CMG, ELC, PIA,","2,680,446,412,931","2,574,132,171,033","1,239,872,943,976","1,458,951,455,015","1,885,022,748,642","2,274,888,603,733","601,622,371,834","719,311,910,858",,,,,,
123,Các khoản dự phòng,Phần mềm và dịch vụ,"FPT, ITD, CMG, ELC, PIA,","789,776,794,021","1,115,800,529,332","152,395,641,019","90,925,903,271","226,090,595,481","285,429,372,018","127,136,181,366","77,620,200,476",,,,,,
124,"Lãi, lỗ chênh lệch tỷ giá hối đoái do đánh giá lại các khoản mục tiền tệ có gốc ngoại tệchưa thực hiện",Phần mềm và dịch vụ,"FPT, ITD, CMG, ELC, PIA,","-39,108,969,443","43,677,065,841","-98,770,422,353","-76,997,042,133","24,166,479,998","117,593,246,847","9,970,902,026","-22,589,602,700",,,,,,
125,"Lãi, lỗ từ hoạt động đầu tư",Phần mềm và dịch vụ,"FPT, ITD, CMG, ELC, PIA,","-2,152,681,253,737","-1,738,466,847,304","-1,107,491,398,008","-824,052,304,305","-1,672,951,610,083","-1,296,654,150,328","-668,080,410,619","-375,255,986,118",,,,,,
126,Chi phí lãi vay,Phần mềm và dịch vụ,"FPT, ITD, CMG, ELC, PIA,","923,299,747,227","554,678,191,545","412,511,681,099","328,708,245,915","704,655,532,723","484,369,854,868","169,453,232,543","156,939,278,976",,,,,,
127,Điều chỉnh cho các khoản khác,Phần mềm và dịch vụ,"FPT, ITD, CMG, ELC, PIA,","-2,092,659,257",,"-534,131,999","49,947,961","7,633,997,710","6,711,431,688","2,730,705,233","2,648,524,735",,,,,,
128,3. Lợi nhuận từ hoạt động kinh doanh trước thay đổi vốn lưu động,Phần mềm và dịch vụ,"FPT, ITD, CMG, ELC, PIA,","11,944,284,048,384","13,755,898,332,698","5,150,259,046,658","6,405,662,725,441","8,333,218,564,796","10,413,358,645,144","2,475,184,462,525","3,214,711,038,016",,,,,,
129,"Tăng, giảm các khoản phải thu",Phần mềm và dịch vụ,"FPT, ITD, CMG, ELC, PIA,","-1,243,773,559,141","-1,982,315,391,081","-33,505,300,680","-1,392,305,458,287","-1,117,867,448,498","-2,521,008,530,880","-311,439,024,296","-274,915,434,606",,,,,,
130,"Tăng, giảm hàng tồn kho",Phần mềm và dịch vụ,"FPT, ITD, CMG, ELC, PIA,","521,806,496,909","-230,830,170,650","-127,428,095,138","-516,824,911,719","193,626,061,753","-802,668,885,936","-117,999,376,459","-322,459,909,461",,,,,,
131,"Tăng, giảm các khoản phải trả (không kể lãi vay phải trả, thuế thu nhập phải nộp)",Phần mềm và dịch vụ,"FPT, ITD, CMG, ELC, PIA,","1,329,386,092,647","4,017,245,730,266","-1,865,415,667,215","206,058,703,607","378,661,558,554","1,898,771,951,023","-2,581,623,011,963","-1,960,330,641,774",,,,,,
132,"Tăng, giảm chi phí trả trước",Phần mềm và dịch vụ,"FPT, ITD, CMG, ELC, PIA,","65,010,923,471","-408,172,456,381","-96,813,574,511","-70,810,163,290","-169,893,265,972","-246,331,832,503","-151,883,253,761","-156,020,036,908",,,,,,
133,Tiền lãi vay đã trả,Phần mềm và dịch vụ,"FPT, ITD, CMG, ELC, PIA,","-919,617,175,566","-610,122,187,197","-407,881,112,575","-321,766,141,779","-591,366,025,001","-550,314,508,258","-214,601,136,360","-179,303,911,319",,,,,,
134,Thuế thu nhập doanh nghiệp đã nộp,Phần mềm và dịch vụ,"FPT, ITD, CMG, ELC, PIA,","-1,035,031,461,445","-1,222,681,452,835","-478,612,378,130","-912,532,588,480","-736,340,033,978","-1,141,222,089,654","-302,682,530,146","-667,190,659,451",,,,,,
135,Tiền thu khác từ hoạt động kinh doanh,Phần mềm và dịch vụ,"FPT, ITD, CMG, ELC, PIA,",,,,"422,167,972","154,170,000","9,620,789,100","103,088,000",,,,,,,
136,Tiền chi khác từ hoạt động kinh doanh,Phần mềm và dịch vụ,"FPT, ITD, CMG, ELC, PIA,","-403,015,568,049","-473,826,308,114","-296,181,873,281","-418,699,370,180","-327,346,368,458","-400,233,994,095","-232,172,384,921","-374,379,041,173",,,,,,
137,Lưu chuyển tiền thuần từ hoạt động kinh doanh,Phần mềm và dịch vụ,"FPT, ITD, CMG, ELC, PIA,","10,259,049,797,210","12,845,196,096,706","1,844,421,045,128","2,979,204,963,285","5,962,847,213,196","6,659,971,543,941","-1,437,113,167,381","-719,888,596,676",,,,,,
138,"1. Tiền chi để mua sắm, xây dựng TSCĐ và các tài sản dài hạn khác",Phần mềm và dịch vụ,"FPT, ITD, CMG, ELC, PIA,","-4,836,403,688,707","-4,291,968,171,837","-2,584,325,764,968","-1,891,947,986,077","-3,848,902,781,525","-2,954,890,369,937","-1,295,003,127,294","-790,305,938,779",,,,,,
139,"2. Tiền thu từ thanh lý, nhượng bán TSCĐ và các tài sản dài hạn khác",Phần mềm và dịch vụ,"FPT, ITD, CMG, ELC, PIA,","31,231,089,560","14,477,383,215","12,671,625,971","12,160,856,603","20,660,142,801","13,863,326,410","11,586,480,653","10,538,685,524",,,,,,
140,"3. Tiền chi cho vay, mua các công cụ nợ của đơn vị khác",Phần mềm và dịch vụ,"FPT, ITD, CMG, ELC, PIA,","-35,096,903,159,207","-42,925,567,306,556","-21,141,545,379,481","-21,964,222,459,528","-27,445,615,834,577","-31,157,010,078,779","-6,997,207,619,194","-9,499,061,995,900",,,,,,
141,"4. Tiền thu hồi cho vay, bán lại các công cụ nợ của đơn vị khác",Phần mềm và dịch vụ,"FPT, ITD, CMG, ELC, PIA,","32,141,075,692,985","37,180,144,129,903","13,953,647,160,840","18,119,072,038,952","20,963,700,005,202","27,708,716,729,919","6,371,089,698,623","7,348,546,186,273",,,,,,
142,5. Tiền chi đầu tư góp vốn vào đơn vị khác,Phần mềm và dịch vụ,"FPT, ITD, CMG, ELC, PIA,","-1,777,619,182,518","-1,189,911,386,172","-451,593,586,950","-777,419,757,320","-735,481,637,940","-871,865,665,784","-320,015,795,863","-741,610,887,882",,,,,,
143,6. Tiền thu hồi đầu tư góp vốn vào đơn vị khác,Phần mềm và dịch vụ,"FPT, ITD, CMG, ELC, PIA,","126,305,539,248","113,909,846,048","511,034,643","31,812,360,000","117,609,906,000","31,812,360,000",,"31,812,360,000",,,,,,
144,"7. Tiền thu lãi cho vay, cổ tức và lợi nhuận được chia",Phần mềm và dịch vụ,"FPT, ITD, CMG, ELC, PIA,","2,282,007,343,787","1,611,788,353,587","1,207,460,641,633","957,552,613,793","1,566,055,253,735","1,338,954,848,868","262,364,795,873","300,212,882,717",,,,,,
145,Lưu chuyển tiền thuần từ hoạt động đầu tư,Phần mềm và dịch vụ,"FPT, ITD, CMG, ELC, PIA,","-7,130,306,364,852","-9,487,127,151,812","-9,003,174,268,312","-5,512,992,333,577","-9,361,974,946,304","-5,890,418,849,303","-1,967,185,567,202","-3,339,868,708,047",,,,,,
146,"1. Tiền thu từ phát hành cổ phiếu, nhận vốn góp của chủ sở hữu",Phần mềm và dịch vụ,"FPT, ITD, CMG, ELC, PIA,","99,819,060,000","173,342,989,874","77,116,140,000","14,553,000,000","84,116,770,000","71,781,079,874",,"4,553,000,000",,,,,,
147,"2. Tiền chi trả vốn góp cho các chủ sở hữu, mua lại cổ phiếu của doanh nghiệp đã phát hành",Phần mềm và dịch vụ,"FPT, ITD, CMG, ELC, PIA,","-181,000,000",,"-181,000,000","-418,000,000","7,299,000,000","-688,000,000","4,065,640,000","-286,000,000",,,,,,
148,3. Tiền thu từ đi vay,Phần mềm và dịch vụ,"FPT, ITD, CMG, ELC, PIA,","37,060,809,187,138","32,094,915,503,028","19,587,415,577,097","19,563,903,952,368","28,693,659,283,611","27,692,426,181,048","7,495,227,047,953","11,046,875,738,286",,,,,,
149,4. Tiền chi trả nợ gốc vay,Phần mềm và dịch vụ,"FPT, ITD, CMG, ELC, PIA,","-35,065,773,464,586","-31,168,242,840,740","-12,059,054,740,173","-16,677,194,107,726","-21,310,123,920,091","-26,841,152,703,023","-7,263,967,896,508","-8,522,495,717,637",,,,,,
150,5. Tiền trả nợ gốc thuê tài chính,Phần mềm và dịch vụ,"FPT, ITD, CMG, ELC, PIA,","-30,169,775,111","-2,305,346,865","-855,478,064,359","-681,960,672","-29,811,895,740","-2,082,660,479","-2,288,208,062","-345,563,252",,,,,,
151,"6. Cổ tức, lợi nhuận đã trả cho chủ sở hữu",Phần mềm và dịch vụ,"FPT, ITD, CMG, ELC, PIA,","-3,088,341,319,149","-3,300,665,414,451","-562,962,427,898","-1,819,427,886,486","-3,042,329,464,680","-1,914,584,000,674","-178,982,424,345","-541,565,460,385",,,,,,
152,Lưu chuyển tiền thuần từ hoạt động tài chính,Phần mềm và dịch vụ,"FPT, ITD, CMG, ELC, PIA,","-1,023,837,311,708","-2,202,955,109,154","7,012,816,360,410","1,080,734,997,484","4,402,809,773,100","-994,300,103,254","54,054,159,038","1,986,735,997,012",,,,,,
153,Lưu chuyển tiền thuần trong kỳ,Phần mềm và dịch vụ,"FPT, ITD, CMG, ELC, PIA,","2,104,906,120,650","1,155,113,835,740","-145,936,862,774","-1,453,052,372,808","1,003,682,039,992","-224,747,408,616","-3,350,244,575,545","-2,073,021,307,711",,,,,,
154,Tiền và tương đương tiền đầu kỳ,Phần mềm và dịch vụ,"FPT, ITD, CMG, ELC, PIA,","6,973,737,454,851","8,490,064,335,488","6,973,737,454,851","9,123,288,156,968","6,973,737,454,851","9,123,288,156,968","6,973,737,454,851","9,123,288,156,968",,,,,,
155,Ảnh hưởng của thay đổi tỷ giá hối đoái quy đổi ngoại tệ,Phần mềm và dịch vụ,"FPT, ITD, CMG, ELC, PIA,","44,644,581,467","-7,839,002,733","-27,356,690,477","-35,014,979,699","-10,753,765,122","-75,693,168,330","1,434,724,742","-37,374,742,910",,,,,,
156,Tiền và tương đương tiền cuối kỳ (70 = 50 +60 + 61),Phần mềm và dịch vụ,"FPT, ITD, CMG, ELC, PIA,","9,123,288,156,968","9,637,339,168,495","6,800,443,901,600","7,635,220,804,461","7,966,665,729,721","8,822,847,580,022","3,624,927,604,048","7,012,892,106,347",,,,,,
