Indicator,StockID,6M_2023,6M_2024,9M_2023,9M_2024,Q1_2023,Q1_2024,Q2_2023,Q2_2024,Q3_2023,Q3_2024,Q4_2023,Q4_2024,Y_2023,Y_2024
"- Cổ phiếu phổ thông có quyền biểu quyết
411a",CMG,"1,505,960,320,000","1,904,392,960,000","1,900,269,960,000","1,903,974,960,000","1,505,960,320,000","1,904,392,960,000","1,505,960,320,000","1,904,392,960,000","1,900,269,960,000","1,903,974,960,000","1,900,269,960,000",,"1,900,269,960,000",
"- Cổ phiếu phổ thông có quyền biểu quyết
411a",FPT,"11,043,316,220,000","14,604,480,660,000","12,699,688,750,000","14,604,480,660,000","10,970,265,720,000","12,699,688,750,000","11,043,316,220,000","14,604,480,660,000","12,699,688,750,000","14,604,480,660,000","12,699,688,750,000","14,710,691,830,000","12,699,688,750,000","14,710,691,830,000"
"- Giá trị hao mòn lũy kế
223",CMG,"-1,577,566,941,383","-1,886,773,746,201","-1,655,226,032,606","-1,972,024,039,112","-1,513,783,100,366","-1,810,449,040,895","-1,577,558,303,535","-1,895,977,157,084","-1,655,226,032,606","-1,972,024,039,112","-1,734,759,159,367",,"-1,732,114,441,724",
"- Giá trị hao mòn lũy kế
223",FPT,"-9,109,849,933,394","-10,798,956,932,818","-9,539,916,194,703","-11,261,187,491,234","-8,728,063,268,763","-10,351,316,034,547","-9,139,679,844,094","-10,798,956,932,818","-9,539,916,194,703","-11,261,187,491,234","-9,906,952,653,021","-11,683,165,704,793","-9,906,845,402,941","-11,683,165,704,793"
"- Giá trị hao mòn lũy kế
226",FPT,"-3,878,313,753","-4,386,536,239","-3,587,478,607","-3,607,403,617","-24,915,388,622","-4,197,599,404","-29,013,930,078","-4,386,536,239","-3,587,478,607","-3,607,403,617","-4,013,832,181","-3,673,326,424","-4,013,832,181","-3,673,326,424"
"- Giá trị hao mòn lũy kế
229",CMG,"-204,562,879,852","-256,563,057,357","-214,891,405,482","-263,350,749,129","-196,463,253,726","-243,103,488,657","-204,542,163,412","-247,481,194,242","-214,891,405,482","-263,350,749,129","-229,370,750,049",,"-232,894,376,606",
"- Giá trị hao mòn lũy kế
229",FPT,"-1,379,348,674,009","-1,483,842,892,877","-1,287,665,448,765","-1,532,604,715,427","-1,320,839,287,871","-1,414,107,431,170","-1,379,348,674,009","-1,495,486,413,009","-1,287,665,448,765","-1,532,604,715,427","-1,338,489,590,814","-1,616,781,511,666","-1,338,489,590,814","-1,616,781,511,666"
"- LNST chưa phân phối kỳ này
421b",CMG,"140,899,843,606","142,100,659,170","270,978,139,867","259,675,950,594","83,917,553,520","83,226,280,864","151,868,076,684","144,277,169,350","270,978,139,867","259,675,950,594","309,456,353,679",,"330,675,518,402",
"- LNST chưa phân phối kỳ này
421b",FPT,"3,002,470,167,474","3,673,189,632,065","3,198,658,610,039","5,762,017,834,569","1,493,562,580,890","1,798,066,420,421","3,002,470,167,474","3,671,845,614,300","3,198,658,610,039","5,762,017,834,569","4,208,629,838,475","5,565,337,234,255","4,202,230,790,206","5,565,337,234,255"
"- LNST chưa phân phối lũy kế đến cuối kỳ trước
421a",CMG,"255,425,341,214","289,006,849,356","31,944,531,767","292,901,309,205","258,876,584,368","332,449,754,566","245,670,344,754","285,845,847,678","31,944,531,767","292,901,309,205","32,130,126,999",,"11,434,141,375",
"- LNST chưa phân phối lũy kế đến cuối kỳ trước
421a",FPT,"7,663,648,414,514","5,504,840,283,364","5,190,116,969,064","5,501,785,086,737","7,713,564,820,193","8,680,772,347,026","7,663,648,414,514","5,504,840,283,495","5,190,116,969,064","5,501,785,086,737","4,470,578,664,053","5,458,228,109,134","4,471,895,918,464","5,458,228,109,134"
"- Nguyên giá
222",CMG,"3,424,810,835,918","3,768,509,887,947","3,476,060,718,853","3,803,992,688,170","3,397,406,635,298","3,666,625,675,665","3,424,797,470,651","3,769,303,130,720","3,476,060,718,853","3,803,992,688,170","3,657,375,881,828",,"3,656,771,335,756",
"- Nguyên giá
222",FPT,"20,142,862,455,487","23,459,020,096,615","21,616,988,146,434","24,158,069,038,149","19,440,703,827,238","22,649,092,684,044","20,182,919,608,999","23,459,020,096,615","21,616,988,146,434","24,158,069,038,149","22,289,069,528,335","24,483,220,850,419","22,288,962,278,190","24,483,220,850,419"
"- Nguyên giá
225",FPT,"6,789,629,164","7,511,499,920","6,251,200,148","5,990,257,244","54,177,548,964","7,739,446,936","54,020,199,664","7,511,499,920","6,251,200,148","5,990,257,244","8,032,465,332","5,716,034,788","8,032,465,332","5,716,034,788"
"- Nguyên giá
228",CMG,"646,765,868,230","670,167,022,341","648,309,037,819","670,930,004,942","644,687,802,133","679,384,808,583","646,737,247,660","669,355,207,770","648,309,037,819","670,930,004,942","675,095,710,265",,"679,454,890,222",
"- Nguyên giá
228",FPT,"2,575,691,863,740","2,998,230,953,161","2,469,668,694,327","3,072,611,297,376","2,562,391,924,094","2,927,026,185,822","2,575,691,863,740","3,202,705,299,281","2,469,668,694,327","3,072,611,297,376","2,595,586,732,247","3,656,302,027,788","2,595,586,732,247","3,656,302,027,788"
"1. Chi phí sản xuất, kinh doanh dở dang dài hạn
241",CMG,"380,000,000","190,000,000","380,000,000","190,000,000","240,000,000","380,000,000","380,000,000","190,000,000","380,000,000","190,000,000","380,000,000",,"380,000,000",
"1. Chi phí trả trước dài hạn
261",CMG,"368,848,092,453","416,047,263,082","386,324,012,671","422,320,306,028","372,350,235,437","460,107,825,008","364,372,878,708","416,047,173,085","386,324,012,671","422,320,306,028","384,700,595,867",,"387,118,684,015",
"1. Chi phí trả trước dài hạn
261",FPT,"3,492,345,731,610","3,317,231,255,111","3,426,793,863,558","3,447,179,472,476","3,516,501,185,403","3,291,841,329,838","3,492,345,731,610","3,317,231,255,111","3,426,793,863,558","3,447,179,472,476","3,389,945,901,107","3,815,166,554,012","3,391,434,748,762","3,815,166,554,012"
"1. Chi phí trả trước ngắn hạn
151",CMG,"67,804,075,973","64,240,178,413","77,417,086,042","67,246,844,788","106,709,818,269","77,885,526,690","87,005,808,974","78,920,148,898","77,417,086,042","67,246,844,788","78,696,784,920",,"60,697,320,316",
"1. Chi phí trả trước ngắn hạn
151",FPT,"516,741,835,533","581,246,029,484","629,748,166,454","617,798,475,447","503,245,874,090","626,343,628,225","516,741,835,533","581,246,029,484","629,748,166,454","617,798,475,447","582,949,832,011","453,590,735,414","449,245,737,865","453,590,735,414"
"1. Doanh thu bán hàng và cung cấp dịch vụ
01",CMG,"3,558,342,702,530","3,981,710,539,959","5,676,137,198,269","6,287,460,793,351","1,772,547,904,851","1,793,656,400,604","1,789,629,790,782","2,184,511,898,410","2,117,794,495,739","2,305,750,253,392","1,649,223,424,367",,"7,344,139,447,707",
"1. Doanh thu bán hàng và cung cấp dịch vụ
01",FPT,"24,167,536,391,628","29,339,189,685,996","37,929,368,276,576","45,311,586,755,696","11,683,021,258,544","14,093,297,397,476","12,484,515,133,084","15,245,892,288,520","13,761,831,884,948","15,972,397,069,700","14,695,806,584,757","17,651,065,378,940","52,625,174,861,333","62,962,652,134,636"
"1. Hàng tồn kho
141",CMG,"257,529,761,318","207,186,003,438","241,333,319,919","212,763,605,670","287,426,976,023","189,318,061,594","243,988,129,251","192,502,323,778","241,333,319,919","212,763,605,670","117,239,260,264",,"133,218,522,714",
"1. Hàng tồn kho
141",FPT,"2,178,824,846,894","2,020,867,809,584","1,896,440,753,051","2,193,960,954,794","2,236,267,337,224","1,996,597,949,120","2,178,824,846,894","2,020,867,809,584","1,896,440,753,051","2,193,960,954,794","1,724,956,924,671","1,969,267,986,149","1,724,956,924,671","1,969,267,986,149"
"1. Lợi nhuận trước thuế
01",CMG,"197,623,024,047","199,272,186,809","371,821,550,134","374,198,887,893","109,631,062,821","112,524,274,129",,,,,,,"461,188,457,235",
"1. Lợi nhuận trước thuế
01",FPT,"4,338,776,280,445","5,202,550,606,376","6,767,926,740,304","8,111,171,239,750","2,120,643,647,098","2,533,582,054,552",,,,,,,"9,203,006,098,570","11,070,838,730,842"
"1. Nguồn kinh phí
431",FPT,"2,750,000,000","2,750,000,000","2,750,000,000","2,750,000,000","2,750,000,000","2,750,000,000","2,750,000,000","2,750,000,000","2,750,000,000","2,750,000,000","2,750,000,000","2,750,000,000","2,750,000,000","2,750,000,000"
"1. Phải thu ngắn hạn của khách hàng
131",CMG,"1,520,394,406,963","1,673,047,724,145","1,545,968,071,749","1,519,895,895,746","1,578,759,031,597","1,445,385,728,170","1,544,183,779,559","1,719,821,381,949","1,545,968,071,749","1,519,895,895,746","1,277,939,847,992",,"1,230,754,428,253",
"1. Phải thu ngắn hạn của khách hàng
131",FPT,"8,039,599,843,840","10,309,248,199,833","8,927,001,832,356","10,799,828,515,307","7,918,165,205,099","9,393,764,058,957","8,039,569,359,154","10,309,248,199,833","8,927,001,832,356","10,799,828,515,307","9,044,709,144,898","10,537,019,113,380","9,057,647,206,985","10,537,019,113,380"
"1. Phải trả người bán dài hạn
331",CMG,,,"37,931,559,822",,,,,,"37,931,559,822",,,,,
"1. Phải trả người bán ngắn hạn
311",CMG,"760,871,825,760","864,583,046,303","800,467,033,944","906,333,154,073","952,502,297,781","949,008,383,225","761,756,878,898","903,121,754,131","800,467,033,944","906,333,154,073","748,436,443,954",,"758,643,312,225",
"1. Phải trả người bán ngắn hạn
311",FPT,"2,650,557,839,970","3,214,619,267,192","2,585,707,569,612","3,096,588,816,686","2,626,774,696,342","3,179,670,522,866","2,650,557,839,970","3,214,619,267,192","2,585,707,569,612","3,096,588,816,686","2,603,082,384,726","4,423,912,840,298","2,602,977,290,710","4,423,912,840,298"
"1. Tiền
111",CMG,"357,430,237,680","505,938,303,420","573,583,417,327","602,611,935,779","238,394,381,756","440,703,189,236","357,286,892,626","505,902,275,848","573,583,417,327","602,611,935,779","477,036,345,129",,"476,759,888,457",
"1. Tiền
111",FPT,"4,116,495,111,876","5,619,992,039,480","4,868,732,047,232","5,251,361,305,952","3,068,013,165,452","5,411,920,365,956","4,116,495,111,876","5,619,992,039,480","4,868,732,047,232","5,251,361,305,952","5,975,127,685,903","6,725,619,929,289","5,975,127,685,903","6,725,619,929,289"
"1. Tiền chi để mua sắm, xây dựng TSCĐ và các tài sản dài hạn khác
21",CMG,"-665,015,382,619","-326,794,845,015","-799,859,496,867","-508,209,038,060","-670,079,172,131","-139,491,950,457",,,,,,,"-838,929,990,244",
"1. Tiền chi để mua sắm, xây dựng TSCĐ và các tài sản dài hạn khác
21",FPT,"-1,919,086,609,918","-1,560,280,876,252","-3,042,138,736,498","-2,437,235,019,502","-623,674,682,456","-647,322,276,985",,,,,,,"-3,978,252,082,224","-4,260,829,170,057"
"1. Tiền thu từ phát hành cổ phiếu, nhận vốn góp của chủ sở hữu
31",CMG,,"4,553,000,000","7,000,630,000","4,553,000,000",,"4,553,000,000",,,,,,,"21,202,920,000",
"1. Tiền thu từ phát hành cổ phiếu, nhận vốn góp của chủ sở hữu
31",FPT,"73,050,500,000",,"73,050,500,000","57,131,819,874",,,,,,,,,"73,050,500,000","163,342,989,874"
"1. Tài sản cố định hữu hình
221",CMG,"1,847,243,894,535","1,881,736,141,746","1,820,834,686,247","1,831,968,649,058","1,883,623,534,932","1,856,176,634,770","1,847,239,167,116","1,873,325,973,636","1,820,834,686,247","1,831,968,649,058","1,922,616,722,461",,"1,924,656,894,032",
"1. Tài sản cố định hữu hình
221",FPT,"11,033,012,522,093","12,660,063,163,797","12,077,071,951,731","12,896,881,546,915","10,712,640,558,475","12,297,776,649,497","11,043,239,764,905","12,660,063,163,797","12,077,071,951,731","12,896,881,546,915","12,382,116,875,314","12,800,055,145,626","12,382,116,875,249","12,800,055,145,626"
"1. Vốn góp của chủ sở hữu
411",CMG,"1,505,960,320,000","1,904,392,960,000","1,900,269,960,000","1,903,974,960,000","1,505,960,320,000","1,904,392,960,000","1,505,960,320,000","1,904,392,960,000","1,900,269,960,000","1,903,974,960,000","1,900,269,960,000",,"1,900,269,960,000",
"1. Vốn góp của chủ sở hữu
411",FPT,"11,043,316,220,000","14,604,480,660,000","12,699,688,750,000","14,604,480,660,000","10,970,265,720,000","12,699,688,750,000","11,043,316,220,000","14,604,480,660,000","12,699,688,750,000","14,604,480,660,000","12,699,688,750,000","14,710,691,830,000","12,699,688,750,000","14,710,691,830,000"
"10. Chi phí quản lý doanh nghiệp
26",CMG,"234,512,603,659","243,067,026,866","362,661,281,244","368,027,918,947","106,986,212,657","116,967,072,102","126,575,211,071","126,303,448,968","128,148,677,585","124,960,892,081","134,600,057,162",,"485,577,842,954",
"10. Chi phí quản lý doanh nghiệp
26",FPT,"3,068,051,222,575","3,536,129,871,590","4,841,555,672,427","5,344,087,736,542","1,592,492,464,630","1,823,471,776,014","1,475,558,757,945","1,717,330,241,425","1,773,504,449,852","1,807,957,864,952","1,979,944,371,544","1,735,410,040,472","6,625,373,638,359","7,079,497,777,014"
"10. Quỹ khác thuộc vốn chủ sở hữu
420",FPT,"87,203,093,024","87,730,484,825","87,203,093,024","87,730,484,825","87,203,093,024","87,730,484,825","87,203,093,024","87,730,484,825","87,203,093,024","87,730,484,825","87,203,093,024","87,730,484,825","87,203,093,024","87,730,484,825"
"10. Vay và nợ thuê tài chính ngắn hạn
320",CMG,"874,415,012,991","990,235,122,989","948,746,921,648","894,595,479,965","853,658,510,027","771,435,213,048","841,491,863,037","896,749,880,424","948,746,921,648","894,595,479,965","792,736,803,843",,"899,409,668,650",
"10. Vay và nợ thuê tài chính ngắn hạn
320",FPT,"19,307,278,156,994","16,024,050,830,233","18,937,892,531,470","14,167,809,581,083","12,043,373,564,413","15,984,086,694,338","19,315,357,110,419","16,024,050,830,233","18,937,892,531,470","14,167,809,581,083","13,837,894,474,107","14,446,238,451,323","13,837,894,474,107","14,446,238,451,323"
"11. Dự phòng phải trả ngắn hạn
321",CMG,"9,619,638,505","4,919,197,003","10,508,230,874","8,175,674,733","9,666,391,563","4,383,092,826","9,619,408,225","4,919,197,003","10,508,230,874","8,175,674,733","4,401,073,143",,"4,401,073,143",
"11. Dự phòng phải trả ngắn hạn
321",FPT,"327,783,134,798","171,953,752,690","287,580,645,751","68,122,659,088","335,934,158,523","283,898,524,781","345,942,050,987","171,953,752,690","287,580,645,751","68,122,659,088","379,618,879,870","438,100,145,127","417,401,434,437","438,100,145,127"
"11. Lợi nhuận sau thuế chưa phân phối
421",CMG,"396,325,184,820","431,107,508,526","302,922,671,634","552,577,259,799","342,794,137,888","415,676,035,430","397,538,421,438","430,123,017,028","302,922,671,634","552,577,259,799","341,586,480,678",,"342,109,659,777",
"11. Lợi nhuận sau thuế chưa phân phối
421",FPT,"10,666,118,581,988","9,178,029,915,429","8,388,775,579,103","11,263,802,921,306","9,207,127,401,083","10,478,838,767,447","10,666,118,581,988","9,176,685,897,795","8,388,775,579,103","11,263,802,921,306","8,679,208,502,528","11,023,565,343,389","8,674,126,708,670","11,023,565,343,389"
"11. Lợi nhuận thuần từ hoạt động kinh doanh
30",CMG,"197,548,412,128","201,066,390,404","366,476,278,764","379,535,324,827","108,648,847,634","114,375,248,120","89,263,293,740","88,704,254,508","168,927,866,636","178,468,934,423","74,524,964,530",,"455,908,123,287",
"11. Lợi nhuận thuần từ hoạt động kinh doanh
30",FPT,"4,286,699,653,409","5,155,980,086,629","6,725,060,685,294","8,104,206,091,199","2,096,933,282,136","2,515,527,123,032","2,189,766,371,273","2,635,780,817,748","2,438,361,031,885","2,948,226,004,570","2,386,698,290,464","2,922,046,994,779","9,111,745,534,433","11,026,253,085,978"
"11. Thuế thu nhập hoãn lại phải trả
341",CMG,"27,167,398,357","26,524,492,842","26,992,172,892","26,349,267,383","27,222,508,409","26,729,128,626","27,167,398,355","26,524,492,845","26,992,172,892","26,349,267,383","26,845,945,599",,"26,845,945,601",
"11. Thuế thu nhập hoãn lại phải trả
341",FPT,"243,810,507,550","281,846,591,212","282,491,025,620","281,716,928,073","174,306,692,388","330,205,688,036","243,810,507,550","281,846,591,212","282,491,025,620","281,716,928,073","257,214,627,286","356,994,720,571","245,716,712,513","356,994,720,571"
"12. Dự phòng phải trả dài hạn
342",CMG,"14,972,772,108",,,,,,"230,280",,,,,,,
"12. Dự phòng phải trả dài hạn
342",FPT,"20,024,109,425","112,645,919,318","36,154,179,269","159,682,175,736","2,132,345,207","96,696,696,624","1,865,193,236","112,645,919,318","36,154,179,269","159,682,175,736","69,317,780,976","262,864,215,119","69,317,780,976","262,864,215,119"
"12. Quỹ khen thưởng phúc lợi
322",CMG,"43,795,364,973","45,785,178,917","26,671,281,283","43,262,008,101","46,158,556,057","32,219,644,897","43,795,364,973","45,785,178,917","26,671,281,283","43,262,008,101","21,662,854,650",,"33,643,673,001",
"12. Quỹ khen thưởng phúc lợi
322",FPT,"789,351,485,895","1,078,656,072,209","781,166,115,536","1,067,832,843,209","841,377,905,879","1,092,670,762,794","789,351,485,895","1,078,656,072,209","781,166,115,536","1,067,832,843,209","1,461,339,534,705","1,834,274,483,606","1,462,636,131,060","1,834,274,483,606"
"12. Thu nhập khác
31",CMG,"3,109,514,423","3,061,146,507","8,748,260,390","5,122,170,741","1,216,823,353","1,079,614,163","6,298,859,069","2,075,919,793","5,638,745,967","2,061,024,234","3,501,547,261",,"13,614,205,866",
"12. Thu nhập khác
31",FPT,"89,858,371,191","72,294,220,195","136,708,331,889","106,969,219,384","42,879,374,489","44,782,907,585","46,978,996,702","27,511,312,610","46,849,960,698","34,674,999,189","64,518,573,767","40,936,158,299","200,956,010,920","147,905,377,683"
"13. Chi phí khác
32",CMG,"3,034,902,504","4,855,350,102","3,402,989,020","10,458,607,675","234,608,166","2,930,588,154","7,151,299,292","1,881,302,769","368,086,516","5,603,257,573","960,408,142",,"8,333,871,918",
"13. Chi phí khác
32",FPT,"37,781,744,155","25,723,700,448","93,842,276,879","100,004,070,833","19,169,009,527","26,727,976,065","18,612,734,628","-1,004,275,617","56,060,532,724","74,280,370,385","16,124,064,640","3,315,661,986","109,695,446,783","103,319,732,819"
"13. Lợi ích cổ đông không kiểm soát
429",CMG,"674,619,985,806","707,967,403,278","669,274,025,268","732,435,570,134","661,734,042,854","720,315,247,979","675,467,899,858","707,967,403,279","669,274,025,268","732,435,570,134","700,429,358,826",,"705,845,611,961",
"13. Lợi ích cổ đông không kiểm soát
429",FPT,"4,444,671,445,841","5,250,105,319,906","4,771,571,633,243","5,671,387,531,825","4,472,360,423,478","4,892,732,884,725","4,444,628,400,075","5,299,246,371,520","4,771,571,633,243","5,671,387,531,825","4,958,194,500,693","5,933,691,775,223","4,958,854,855,687","5,933,691,775,223"
"13. Quỹ phát triển khoa học và công nghệ
343",CMG,"14,972,772,108","17,155,540,093","10,301,573,283","8,803,422,489","19,690,676,707","9,260,422,372","14,972,772,108","17,155,540,093","10,301,573,283","8,803,422,489","6,276,489,467",,"4,276,489,467",
"13. Quỹ phát triển khoa học và công nghệ
343",FPT,"192,096,283","192,096,283","192,096,283","192,096,283","192,096,283","192,096,283","192,096,283","192,096,283","192,096,283","192,096,283","192,096,283","192,096,283","192,096,283","192,096,283"
"14. Lợi nhuận khác
40",CMG,"74,611,919","-1,794,203,595","5,345,271,370","-5,336,436,934","982,215,187","-1,850,973,991","-852,440,223","194,617,024","5,270,659,451","-3,542,233,339","2,541,139,119",,"5,280,333,948",
"14. Lợi nhuận khác
40",FPT,"52,076,627,036","46,570,519,747","42,866,055,010","6,965,148,551","23,710,364,962","18,054,931,520","28,366,262,074","28,515,588,227","-9,210,572,026","-39,605,371,196","48,394,509,127","37,620,496,313","91,260,564,137","44,585,644,864"
"15. Doanh thu chưa thực hiện ngắn hạn
318",CMG,"157,667,130,729","187,619,780,076","234,734,256,594","240,851,951,476","203,543,479,335","234,140,545,799","201,539,924,433","226,217,084,497","234,734,256,594","240,851,951,476","231,277,975,857",,"191,694,524,921",
"15. Doanh thu chưa thực hiện ngắn hạn
318",FPT,"2,674,269,541,836","2,819,029,249,307","3,359,644,957,311","3,609,185,372,381","2,484,313,617,981","2,436,685,610,160","2,674,269,541,836","2,819,029,249,307","3,359,644,957,311","3,609,185,372,381","3,620,205,460,042","4,252,957,254,484","3,620,205,460,042","4,252,957,254,484"
"15. Tổng lợi nhuận kế toán trước thuế
50",CMG,"197,623,024,047","199,272,186,809","371,821,550,134","374,198,887,893","109,631,062,821","112,524,274,129","88,410,853,517","88,898,871,532","174,198,526,087","174,926,701,084","77,066,103,649",,"461,188,457,235",
"15. Tổng lợi nhuận kế toán trước thuế
50",FPT,"4,338,776,280,445","5,202,550,606,376","6,767,926,740,304","8,111,171,239,750","2,120,643,647,098","2,533,582,054,552","2,218,132,633,347","2,664,296,405,975","2,429,150,459,859","2,908,620,633,374","2,435,092,799,591","2,959,667,491,092","9,203,006,098,570","11,070,838,730,842"
"16. Chi phí thuế TNDN hiện hành
51",CMG,"20,670,012,484","26,721,891,036","41,761,884,446","50,802,202,466","13,159,558,740","15,367,479,440","7,510,453,744","11,354,411,596","21,091,871,962","24,080,311,430","16,752,580,263",,"59,840,252,863",
"16. Chi phí thuế TNDN hiện hành
51",FPT,"646,235,482,640","951,004,044,377","990,830,678,821","1,392,228,995,931","308,330,144,701","389,755,423,988","337,905,337,939","561,248,620,389","344,595,196,181","441,224,951,554","424,981,344,481","536,403,680,028","1,424,017,001,796","1,928,632,675,959"
"17. Chi phí thuế TNDN hoãn lại
52",CMG,"-280,511,864","-280,511,864","-412,182,534","-473,593,872","-245,872,257","-109,122,193","-34,639,607","-196,940,999","-131,670,670","-193,082,008","-118,062,065",,"-530,244,600",
"17. Chi phí thuế TNDN hoãn lại
52",FPT,"27,159,088,275","-196,431,862,427","35,844,995,928","-207,633,803,107","2,514,048,503","-16,438,659,078","24,645,039,772","-179,993,203,349","8,685,907,653","-11,201,940,680","-41,129,315,871","-70,238,663,874","-9,060,642,842","-277,872,466,981"
"18. Lợi nhuận sau thuế thu nhập doanh nghiệp
60",CMG,"177,233,523,427","172,830,807,637","330,471,848,222","323,870,279,299","96,717,376,338","97,265,916,882","80,935,039,380","77,741,400,935","153,238,324,795","151,039,471,662","60,431,585,451",,"401,878,448,972",
"18. Lợi nhuận sau thuế thu nhập doanh nghiệp
60",FPT,"3,665,381,709,530","4,447,978,424,426","5,741,251,065,555","6,926,576,046,926","1,809,799,453,894","2,160,265,289,642","1,855,582,255,636","2,283,040,988,935","2,075,869,356,025","2,478,597,622,500","2,051,240,770,981","2,493,502,474,938","7,788,049,739,616","9,420,078,521,864"
19. Lãi cơ bản trên cổ phiếu,CMG,"1,006",747,"1,482","1,412",557,438,451,320,,665,,,"1,511",
19. Lãi cơ bản trên cổ phiếu,FPT,"2,374","2,515","3,744","3,945","1,361","1,416","1,373","1,098","1,373","1,430",925,994,"4,661","4,940"
"2. Chi phí xây dựng cơ bản dở dang
242",CMG,"814,210,058,038","911,464,286,402","838,456,694,088","977,423,943,520","780,891,860,964","857,013,901,752","814,239,018,997","905,821,347,618","838,456,694,088","977,423,943,520","792,090,283,415",,"791,845,303,715",
"2. Chi phí xây dựng cơ bản dở dang
242",FPT,"1,758,055,535,618","1,475,304,890,550","1,328,956,674,102","1,474,733,361,173","1,240,583,037,748","1,429,362,563,324","1,758,055,535,618","1,475,304,890,550","1,328,956,674,102","1,474,733,361,173","1,315,270,136,003","2,559,818,072,744","1,315,270,136,003","2,559,818,072,744"
"2. Các khoản giảm trừ doanh thu
02",CMG,"1,136,941,947",,"2,184,579,392","2,587,230,000","1,080,078,311","212,500,000","56,863,636",,"1,047,637,445","2,587,230,000","181,429,600",,"2,366,008,992",
"2. Các khoản giảm trừ doanh thu
02",FPT,"1,793,243,423","1,034,856,277","1,880,152,514","70,610,210,220","1,642,375,241","368,983,777","150,868,182","665,872,500","86,909,091","69,575,353,943","5,393,881,434","43,247,573,048","7,274,033,948","113,857,783,268"
"2. Các khoản tương đương tiền
112",CMG,"36,000,000,000","60,619,789,347","35,000,000,000","58,128,900,039","15,000,000,000","34,166,756,042","36,000,000,000","30,619,789,347","35,000,000,000","58,128,900,039","48,820,000,000",,"33,820,000,000",
"2. Các khoản tương đương tiền
112",FPT,"2,119,979,989,530","1,216,270,509,715","2,284,893,022,563","2,684,271,101,405","221,411,285,777","929,537,139,040","2,119,979,989,530","1,216,270,509,715","2,284,893,022,563","2,684,271,101,405","2,304,028,997,318","2,589,820,509,595","2,304,028,997,318","2,589,820,509,595"
"2. Dự phòng giảm giá hàng tồn kho
149",CMG,"-2,603,715,306",,"-4,594,939,831",,"-2,452,079,113",,"-2,603,715,306",,"-4,594,939,831",,,,,
"2. Dự phòng giảm giá hàng tồn kho
149",FPT,"-150,564,103,477","-137,350,027,901","-138,893,241,266","-134,849,980,472","-150,957,890,998","-140,194,307,651","-150,564,103,477","-137,350,027,901","-138,893,241,266","-134,849,980,472","-131,545,849,438","-133,467,537,483","-131,545,849,438","-133,467,537,483"
"2. Người mua trả tiền trước dài hạn
332",CMG,,,"15,024,071,903",,,,,,"15,024,071,903",,,,,
"2. Người mua trả tiền trước ngắn hạn
312",CMG,"103,056,515,896","123,994,211,502","111,484,693,512","85,480,339,226","104,200,822,087","86,613,492,908","103,086,020,712","123,987,645,789","111,484,693,512","85,480,339,226","84,806,843,821",,"70,638,714,688",
"2. Người mua trả tiền trước ngắn hạn
312",FPT,"601,240,983,383","773,964,458,511","501,875,085,943","561,493,915,003","662,235,154,979","663,830,151,912","601,240,983,383","773,964,458,511","501,875,085,943","561,493,915,003","602,100,022,731","562,066,755,666","602,010,036,721","562,066,755,666"
"2. Thuế GTGT còn được khấu trừ
152",CMG,"24,590,590,779","30,787,945,095","27,212,317,427","36,095,593,355","24,749,973,568","70,971,904,719","24,238,849,499","28,944,183,553","27,212,317,427","36,095,593,355","29,527,515,188",,"29,513,172,509",
"2. Thuế GTGT còn được khấu trừ
152",FPT,"477,098,404,828","518,863,078,795","506,465,099,172","604,630,088,228","405,706,257,428","480,443,466,850","477,098,404,828","518,863,078,795","506,465,099,172","604,630,088,228","531,703,625,576","648,700,701,860","528,984,574,991","648,700,701,860"
"2. Thặng dư vốn cổ phần
412",CMG,"331,216,950,400","27,062,540,400","27,062,540,400","27,062,540,400","331,216,950,400","27,062,540,400","331,216,950,400","27,062,540,400","27,062,540,400","27,062,540,400","27,062,540,400",,"27,062,540,400",
"2. Thặng dư vốn cổ phần
412",FPT,"49,713,213,411","49,713,213,411","49,713,213,411","49,713,213,411","49,713,213,411","49,713,213,411","49,713,213,411","49,713,213,411","49,713,213,411","49,713,213,411","49,713,213,411","49,713,213,411","49,713,213,411","49,713,213,411"
"2. Tiền chi trả vốn góp cho các chủ sở hữu, mua lại cổ phiếu của doanh nghiệp đã phát hành
32",CMG,"-181,000,000","-418,000,000","-181,000,000","-446,000,000",,"-286,000,000",,,,,,,"-181,000,000",
"2. Tiền thu từ thanh lý, nhượng bán TSCĐ và các tài sản dài hạn khác
22",CMG,,,"151,880,000","87,400,000",,,,,,,,,,
"2. Tiền thu từ thanh lý, nhượng bán TSCĐ và các tài sản dài hạn khác
22",FPT,"12,356,154,759","11,913,511,148","20,013,770,698","13,529,762,773","11,586,480,653","10,295,249,160",,,,,,,"29,269,655,015","14,227,383,215"
"2. Trả trước cho người bán ngắn hạn
132",CMG,"59,030,092,148","102,783,051,791","60,349,664,426","118,581,822,919","60,984,546,922","69,347,656,909","59,335,845,937","108,678,450,323","60,349,664,426","118,581,822,919","66,817,183,789",,"62,640,733,999",
"2. Trả trước cho người bán ngắn hạn
132",FPT,"500,907,002,679","599,121,868,182","419,601,591,333","566,097,011,978","646,447,723,206","628,462,570,207","500,907,002,679","599,121,868,182","419,601,591,333","566,097,011,978","348,405,863,076","610,379,845,664","482,074,732,731","610,379,845,664"
"2. Tài sản cố định thuê tài chính
224",FPT,"2,911,315,411","3,124,963,681","2,663,721,541","2,382,853,627","29,262,160,342","3,541,847,532","25,006,269,586","3,124,963,681","2,663,721,541","2,382,853,627","4,018,633,151","2,042,708,364","4,018,633,151","2,042,708,364"
"2. Tài sản thuế thu nhập hoãn lại
262",CMG,"240,454,534","127,793,622","196,899,741","145,650,168","260,924,979","161,039,732","240,454,533","153,344,950","196,899,741","145,650,168","168,734,514",,"168,734,514",
"2. Tài sản thuế thu nhập hoãn lại
262",FPT,"316,329,471,365","589,559,256,274","347,081,977,338","619,606,969,919","280,295,703,398","463,159,590,283","316,329,471,365","589,559,256,274","347,081,977,338","619,606,969,919","368,684,417,542","573,020,091,858","360,946,956,414","573,020,091,858"
"2. Đầu tư vào công ty liên kết, liên doanh
252",CMG,"79,278,815,985","81,513,934,986","86,015,008,690","82,126,505,839","69,940,918,070","71,377,060,121","81,609,896,206","81,513,934,986","86,015,008,690","82,126,505,839","95,204,296,379",,"93,291,473,330",
"2. Đầu tư vào công ty liên kết, liên doanh
252",FPT,"1,962,107,657,781","1,964,698,503,482","2,012,251,531,833","2,107,973,088,950","2,251,512,534,598","2,186,084,508,454","1,962,107,657,781","1,964,698,503,482","2,012,251,531,833","2,107,973,088,950","2,140,003,690,320","2,282,142,017,143","2,107,616,686,383","2,282,142,017,143"
"20. Lãi suy giảm trên cổ phiếu
71",CMG,"1,006",747,"1,482","1,412",557,438,451,320,,665,,,"1,511",
"20. Lãi suy giảm trên cổ phiếu
71",FPT,"2,374","2,515","3,744","3,945","1,361","1,416","1,373","1,098","1,373","1,430",925,994,"4,661","4,940"
"3. Chi phí phải trả dài hạn
333",CMG,,,"819,945,832,396",,,,,,"819,945,832,396",,,,,
"3. Doanh thu thuần về bán hàng và cung cấp dịch vụ
10",CMG,"3,557,205,760,583","3,981,710,539,959","5,673,952,618,877","6,284,873,563,351","1,771,467,826,540","1,793,443,900,604","1,789,572,927,146","2,184,511,898,410","2,116,746,858,294","2,303,163,023,392","1,649,041,994,767",,"7,341,773,438,715",
"3. Doanh thu thuần về bán hàng và cung cấp dịch vụ
10",FPT,"24,165,743,148,205","29,338,154,829,719","37,927,488,124,062","45,240,976,545,476","11,681,378,883,303","14,092,928,413,699","12,484,364,264,902","15,245,226,416,020","13,761,744,975,857","15,902,821,715,757","14,690,412,703,323","17,607,817,805,892","52,617,900,827,385","62,848,794,351,368"
"3. Lợi nhuận từ hoạt động kinh doanh trước thay đổi vốn lưu động
08",CMG,"353,709,036,044","369,461,506,584","620,224,261,188","741,843,170,362","193,854,404,099","201,708,340,580",,,,,,,"793,348,624,067",
"3. Lợi nhuận từ hoạt động kinh doanh trước thay đổi vốn lưu động
08",FPT,"4,785,221,947,726","6,010,658,597,845","7,634,215,255,045","9,602,286,536,658","2,274,692,565,793","3,009,785,032,818",,,,,,,"10,989,758,903,879","13,599,636,338,618"
"3. Thuế và các khoản khác phải thu của nhà nước
153",CMG,"4,569,715,246","1,425,550,090","2,313,495,890","3,173,261,395","5,627,011,771","3,377,184,359","4,516,956,775","1,474,842,829","2,313,495,890","3,173,261,395","2,205,380,761",,"992,710,191",
"3. Thuế và các khoản khác phải thu của nhà nước
153",FPT,"41,414,280,322","106,764,113,418","47,041,860,558","70,187,936,409","86,153,771,056","89,469,703,306","41,414,280,322","94,689,175,815","47,041,860,558","70,187,936,409","84,181,723,091","56,757,639,039","76,405,085,212","56,757,639,039"
"3. Thuế và các khoản phải nộp Nhà nước
313",CMG,"55,117,246,200","64,519,705,187","61,228,153,274","76,366,396,252","60,246,681,873","92,456,089,449","54,695,984,849","64,568,142,288","61,228,153,274","76,366,396,252","58,040,393,260",,"60,602,267,476",
"3. Thuế và các khoản phải nộp Nhà nước
313",FPT,"810,433,730,049","1,346,405,732,978","1,069,087,225,876","1,674,374,835,631","643,415,651,157","958,840,995,271","810,546,803,780","1,334,330,795,375","1,069,087,225,876","1,674,374,835,631","1,433,245,828,828","2,292,659,239,333","1,432,356,605,157","2,292,659,239,333"
"3. Tiền chi cho vay, mua các công cụ nợ của đơn vị khác
23",CMG,"-336,219,500,000","-1,094,604,675,342","-1,016,279,029,875","-1,985,077,937,742","-247,141,500,000","-465,000,000,000",,,,,,,"-1,264,530,144,009",
"3. Tiền chi cho vay, mua các công cụ nợ của đơn vị khác
23",FPT,"-20,690,386,390,837","-20,781,389,789,643","-26,269,712,367,763","-29,029,349,641,037","-6,731,446,119,194","-8,977,359,495,900",,,,,,,"-33,536,189,070,356","-42,719,959,806,556"
"3. Tiền thu từ đi vay
33",CMG,"1,131,727,699,991","1,644,410,788,668","1,795,790,302,621","2,158,681,725,907","752,302,171,667","494,000,478,769",,,,,,,"2,486,425,351,705",
"3. Tiền thu từ đi vay
33",FPT,"18,314,147,879,307","17,715,806,721,939","26,674,749,246,929","25,165,725,449,525","6,698,228,161,444","10,487,172,776,046",,,,,,,"34,271,246,237,260","31,902,618,824,586"
"3. Tài sản cố định vô hình
227",CMG,"442,202,988,378","413,603,964,984","433,417,632,337","407,579,255,813","448,224,548,407","436,281,319,926","442,195,084,248","421,874,013,528","433,417,632,337","407,579,255,813","445,724,960,216",,"446,560,513,616",
"3. Tài sản cố định vô hình
227",FPT,"1,196,343,189,731","1,514,388,060,284","1,182,003,245,562","1,540,006,581,949","1,241,552,636,223","1,512,918,754,652","1,196,343,189,731","1,707,218,886,272","1,182,003,245,562","1,540,006,581,949","1,257,097,141,433","2,039,520,516,122","1,257,097,141,433","2,039,520,516,122"
"3. Đầu tư góp vốn vào đơn vị khác
253",FPT,"2,432,093,749,312","2,957,192,860,629","2,562,675,236,710","3,127,281,986,657","2,364,550,933,343","2,949,336,301,696","2,432,093,749,312","2,957,192,860,629","2,562,675,236,710","3,127,281,986,657","2,830,355,013,038","3,393,737,969,842","2,830,348,813,038","3,393,737,969,842"
"3. Đầu tư nắm giữ đến ngày đáo hạn
123",CMG,"937,060,013,616","1,193,766,429,476","1,043,370,543,491","1,283,864,291,876","832,982,013,616","1,164,096,529,695","937,060,013,616","1,223,773,029,476","1,043,370,543,491","1,283,864,291,876","1,099,061,029,695",,"1,112,061,029,695",
"3. Đầu tư nắm giữ đến ngày đáo hạn
123",FPT,"20,451,941,376,989","19,916,062,543,669","19,618,195,845,890","19,442,595,123,064","13,860,719,245,281","18,230,159,723,426","20,451,941,376,989","19,916,062,543,669","19,618,195,845,890","19,442,595,123,064","16,104,205,358,010","21,785,213,686,808","16,104,205,358,010","21,785,213,686,808"
"4. Dự phòng đầu tư tài chính dài hạn
254",FPT,"-1,369,231,580,684","-1,846,188,513,530","-1,371,830,139,589","-2,021,313,614,527","-1,379,053,572,890","-1,740,061,654,916","-1,369,231,580,684","-1,846,188,513,530","-1,371,830,139,589","-2,021,313,614,527","-1,623,156,391,089","-2,357,065,169,334","-1,623,156,391,089","-2,357,065,169,334"
"4. Giá vốn hàng bán
11",CMG,"2,939,667,481,975","3,313,541,026,454","4,649,751,623,608","5,170,692,887,314","1,466,816,664,311","1,453,960,475,032","1,481,152,125,761","1,856,568,001,773","1,710,084,141,633","1,857,151,860,860","1,316,177,035,151",,"5,967,174,723,850",
"4. Giá vốn hàng bán
11",FPT,"14,964,039,840,474","18,176,331,826,734","23,229,415,849,315","27,920,197,878,085","7,113,499,882,609","8,582,462,733,612","7,850,539,957,865","9,593,869,093,122","8,265,376,008,841","9,743,866,051,351","9,058,549,143,162","11,128,844,453,966","32,298,347,382,703","39,049,042,332,051"
"4. Phải thu theo tiến độ kế hoạch hợp đồng xây dựng
134",FPT,"227,380,785,100","196,821,565,607","229,678,782,310","194,158,152,911","231,842,985,934","190,429,912,043","227,380,785,100","196,821,565,607","229,678,782,310","194,158,152,911","182,965,994,736","136,097,256,629","176,770,894,412","136,097,256,629"
"4. Phải trả người lao động
314",CMG,"158,072,077,521","184,396,316,727","174,961,494,321","205,468,326,429","165,410,206,412","138,211,182,317","158,053,954,096","184,386,389,172","174,961,494,321","205,468,326,429","217,570,028,973",,"204,275,598,691",
"4. Phải trả người lao động
314",FPT,"2,508,104,116,971","3,918,326,517,458","3,589,458,007,695","4,450,898,103,166","1,860,796,729,871","2,685,858,614,485","2,508,104,116,971","3,918,326,517,458","3,589,458,007,695","4,450,898,103,166","3,761,187,996,351","4,267,635,878,722","3,734,341,060,086","4,267,635,878,722"
"4. Tiền chi trả nợ gốc vay
34",CMG,"-825,960,875,743","-1,372,136,363,593","-1,352,130,310,938","-1,938,837,547,387","-503,903,819,684","-430,553,552,591",,,,,,,"-2,228,808,929,540",
"4. Tiền chi trả nợ gốc vay
34",FPT,"-11,135,325,229,034","-15,155,182,193,737","-19,831,973,216,181","-24,615,031,864,140","-6,685,088,864,823","-7,982,467,720,579",,,,,,,"-32,551,882,452,709","-30,969,562,801,308"
"4. Tiền thu hồi cho vay, bán lại các công cụ nợ của đơn vị khác
24",CMG,"636,695,426,790","1,012,899,275,561","1,210,444,426,790","1,813,274,675,561","501,695,426,790","412,964,500,000",,,,,,,"1,388,005,054,720",
"4. Tiền thu hồi cho vay, bán lại các công cụ nợ của đơn vị khác
24",FPT,"13,215,936,311,550","16,951,115,465,984","19,629,169,478,412","25,677,033,974,264","5,858,264,271,833","6,851,263,040,484",,,,,,,"30,458,251,083,042","37,047,149,067,817"
"4. Tài sản dài hạn khác
268",CMG,,,,,,,"6,500,000",,,,,,,
"4. Vốn khác của chủ sở hữu
414",CMG,"328,912,815,733","371,662,664,388","371,562,805,278","371,662,664,388","328,912,815,733","371,662,664,388","328,912,815,733","371,662,664,388","371,562,805,278","371,662,664,388","371,562,805,278",,"371,662,664,388",
"4. Vốn khác của chủ sở hữu
414",FPT,"1,179,064,868,147","1,928,079,706,361","1,179,064,868,147","1,928,079,706,361","1,179,064,868,147","1,928,079,706,361","1,179,064,868,147","1,928,079,706,361","1,179,064,868,147","1,928,079,706,361","1,928,602,158,147","1,929,012,703,454","1,928,602,158,147","1,929,012,703,454"
"5. Chi phí phải trả ngắn hạn
315",CMG,"564,176,552,233","665,064,009,477","591,285,438,656","603,251,086,795","507,702,725,912","495,543,568,954","552,494,597,433","609,988,701,226","591,285,438,656","603,251,086,795","459,365,876,300",,"434,193,834,040",
"5. Chi phí phải trả ngắn hạn
315",FPT,"916,361,897,808","1,089,742,264,001","1,164,543,242,031","1,331,750,914,463","847,818,189,824","934,931,288,233","925,737,646,121","1,089,742,264,001","1,164,543,242,031","1,331,750,914,463","882,930,232,561","1,253,394,342,965","848,293,082,410","1,253,394,342,965"
"5. Cổ phiếu quỹ (*)
415",CMG,"-181,000,000","-418,000,000",,"-28,000,000",,"-286,000,000","-181,000,000","-418,000,000",,"-28,000,000",,,,
"5. Lợi nhuận gộp về bán hàng và cung cấp dịch vụ
20",CMG,"617,538,278,608","668,169,513,505","1,024,200,995,269","1,114,180,676,037","304,651,162,229","339,483,425,572","308,420,801,385","327,943,896,637","406,662,716,661","446,011,162,532","332,864,959,616",,"1,374,598,714,865",
"5. Lợi nhuận gộp về bán hàng và cung cấp dịch vụ
20",FPT,"9,201,703,307,731","11,161,823,002,985","14,698,072,274,747","17,320,778,667,391","4,567,879,000,694","5,510,465,680,087","4,633,824,307,037","5,651,357,322,898","5,496,368,967,016","6,158,955,664,406","5,631,863,560,161","6,478,973,351,926","20,319,553,444,682","23,799,752,019,317"
5. Lợi thế thương mại,CMG,"333,977,372","236,227,897","309,540,003","211,790,528","285,102,634","260,665,265","342,123,161","236,227,897","309,540,003","211,790,528","285,102,634",,"285,102,634",
5. Lợi thế thương mại,FPT,"693,010,132,357","1,479,792,163,477","755,457,584,159","1,434,724,678,776","715,362,979,924","1,611,723,437,032","693,010,132,357","1,334,758,371,476","755,457,584,159","1,434,724,678,776","1,283,790,079,129","1,097,458,206,678","1,283,790,079,129","1,097,458,206,678"
"5. Phải thu về cho vay dài hạn
215",FPT,"729,134,337","298,168,000","582,878,037","897,416,719","1,002,905,644",,"729,134,337","298,168,000","582,878,037","897,416,719",,"2,509,722,351",,"2,509,722,351"
"5. Phải thu về cho vay ngắn hạn
135",FPT,"50,562,368,657","18,634,400,000","50,546,966,120","33,543,915,000","50,766,311,424","657,520,000","50,562,368,657","18,634,400,000","50,546,966,120","33,543,915,000","515,430,000","9,808,117,590","515,430,000","9,808,117,590"
"5. Tiền chi đầu tư góp vốn vào đơn vị khác
25",FPT,"-438,093,586,950","-743,960,957,320","-698,981,637,940","-838,310,605,784","-306,515,795,863","-733,152,087,882",,,,,,,"-1,753,619,182,518","-1,173,202,586,172"
"5. Tiền trả nợ gốc thuê tài chính
35",CMG,"-825,960,875,743",,,,,,,,,,,,,
"5. Tiền trả nợ gốc thuê tài chính
35",FPT,"-29,517,188,616","-681,960,672","-29,811,895,740","-2,082,660,479","-2,288,208,062","-345,563,252",,,,,,,"-30,169,775,111","-2,305,346,865"
"5. Đầu tư nắm giữ đến ngày đáo hạn
255",CMG,,"2,000,000,000",,"2,000,000,000","150,000,000,000","2,000,000,000",,"2,000,000,000",,"2,000,000,000",,,"2,000,000,000",
"5. Đầu tư nắm giữ đến ngày đáo hạn
255",FPT,"20,200,000,000","20,200,000,000","20,200,000,000","200,000,000","20,200,000,000","20,200,000,000","20,200,000,000","20,200,000,000","20,200,000,000","200,000,000","20,200,000,000","200,000,000","20,200,000,000","200,000,000"
"6. Cổ tức, lợi nhuận đã trả cho chủ sở hữu
36",CMG,"-488,722,803","-57,998,811","-88,630,512,637","-64,558,541,978",,,,,,,,,"-128,145,845,124",
"6. Cổ tức, lợi nhuận đã trả cho chủ sở hữu
36",FPT,"-556,832,638,995","-1,804,225,367,769","-2,928,770,888,520","-1,822,344,454,346","-178,957,765,195","-535,074,322,385",,,,,,,"-2,930,628,448,135","-3,291,859,792,121"
"6. Doanh thu chưa thực hiện dài hạn
336",CMG,"32,411,722,875","23,607,461,255",,"29,102,284,628","37,330,359,435","28,025,543,439","32,951,297,069","29,900,769,146",,"29,102,284,628","32,468,661,856",,"32,383,322,687",
"6. Doanh thu chưa thực hiện dài hạn
336",FPT,"132,677,336,296","129,106,508,320","134,553,566,063","136,336,645,256","118,220,396,437","125,499,512,897","132,677,336,296","129,106,508,320","134,553,566,063","136,336,645,256","132,927,038,647","131,344,534,204","132,927,038,647","131,344,534,204"
"6. Doanh thu hoạt động tài chính
21",CMG,"64,001,368,430","59,223,920,515","92,760,404,390","80,515,820,958","27,050,361,269","26,612,169,333","35,129,608,072","33,857,109,847","28,759,035,960","21,291,900,443","27,770,602,566",,"119,140,661,759",
"6. Doanh thu hoạt động tài chính
21",FPT,"1,299,520,662,069","1,026,385,524,509","1,815,723,708,484","1,353,074,531,365","676,476,546,426","457,092,979,986","623,044,115,643","569,292,544,523","516,203,046,415","326,689,006,856","520,345,470,835","576,398,372,443","2,336,069,089,819","1,929,472,903,808"
"6. Phải thu dài hạn khác
216",CMG,"31,139,260,478","32,462,188,913","35,216,974,434","31,330,621,193","33,275,310,449","32,112,406,901","31,121,826,159","32,431,960,673","35,216,974,434","31,330,621,193","33,743,654,777",,"34,471,981,257",
"6. Phải thu dài hạn khác
216",FPT,"280,432,794,993","367,722,195,710","289,197,032,318","398,299,567,069","274,630,125,271","372,045,169,185","280,432,794,993","367,722,195,710","289,197,032,318","398,299,567,069","299,779,688,236","381,508,926,294","299,764,585,187","381,508,926,294"
"6. Phải thu ngắn hạn khác
136",CMG,"107,059,063,621","114,464,770,659","127,685,387,700","108,133,392,474","138,610,296,806","138,599,994,460","128,127,883,780","116,897,242,399","127,685,387,700","108,133,392,474","95,611,846,923",,"78,178,479,881",
"6. Phải thu ngắn hạn khác
136",FPT,"950,333,045,093","853,765,844,605","1,003,092,487,869","900,121,856,114","1,194,702,771,309","819,717,532,596","950,333,045,093","853,765,844,605","1,003,092,487,869","900,121,856,114","869,495,265,613","706,219,898,391","869,491,618,296","706,219,898,391"
"6. Tiền thu hồi đầu tư góp vốn vào đơn vị khác
26",CMG,,,,,,,,,,,,,"5,734,598,605",
"6. Tiền thu hồi đầu tư góp vốn vào đơn vị khác
26",FPT,,,"94,939,906,000",,,,,,,,,,"94,939,906,000","48,102,486,048"
"7. Chi phí tài chính
22",CMG,"53,672,716,519","48,215,636,477","83,154,613,479","84,871,130,584","25,771,614,641","23,446,923,323","25,969,669,468","25,642,068,945","29,481,896,960","36,655,494,107","19,995,256,689",,"102,377,440,273",
"7. Chi phí tài chính
22",FPT,"784,313,791,818","671,993,179,669","1,190,742,078,947","980,171,986,548","496,815,340,139","334,065,273,301","287,498,451,679","337,927,906,368","406,428,287,129","308,178,806,879","527,556,384,763","831,375,395,433","1,718,298,463,710","1,811,547,381,981"
"7. Chênh lệch tỷ giá hối đoái
417",CMG,"-1,769,069,984","-8,066,562,433","2,437,575,525","-1,967,671,258","382,081,787","1,780,782,766","961,405,538","4,428,987,418","2,437,575,525","-1,967,671,258","684,299,390",,"-2,802,521,280",
"7. Chênh lệch tỷ giá hối đoái
417",FPT,"-63,672,534,687","-54,246,270,885","-51,363,368,317","-29,631,639,215","-41,422,767,659","-39,209,406,195","-63,772,974,808","-54,246,270,878","-51,363,368,317","-29,631,639,215","-17,000,608,261","-49,482,336,677","-17,778,502,626","-49,482,336,677"
"7. Dự phòng phải thu dài hạn khó đòi
219",FPT,"-52,372,482,637","-52,372,482,637","-52,372,482,637","-52,372,482,637","-52,372,482,637","-52,372,482,637","-52,372,482,637","-52,372,482,637","-52,372,482,637","-52,372,482,637","-52,372,482,637","-52,372,482,637","-52,372,482,637","-52,372,482,637"
"7. Dự phòng phải thu ngắn hạn khó đòi
137",CMG,"-52,705,372,212","-44,575,314,501","-51,787,782,951","-46,057,399,322","-52,037,295,901","-46,187,179,564","-53,056,809,994","-44,575,314,501","-51,787,782,951","-46,057,399,322","-45,642,143,229",,"-45,642,143,230",
"7. Dự phòng phải thu ngắn hạn khó đòi
137",FPT,"-762,287,445,920","-985,076,830,775","-810,601,939,661","-618,598,751,821","-747,991,330,676","-978,160,227,586","-762,287,445,920","-985,076,830,775","-810,601,939,661","-618,598,751,821","-912,156,645,080","-619,531,925,859","-912,156,645,080","-619,531,925,859"
"7. Phải trả dài hạn khác
337",CMG,"7,720,012,103","14,691,038,608",,"14,244,547,447","4,256,391,697","13,646,524,099","7,629,237,965","14,476,511,519",,"14,244,547,447","13,424,327,297",,"4,655,319,289",
"7. Phải trả dài hạn khác
337",FPT,"30,884,265,518","194,225,709,333","31,144,281,527","191,578,670,665","28,780,542,089","186,678,090,522","30,884,265,518","194,225,709,333","31,144,281,527","191,578,670,665","41,914,135,058","183,788,442,785","41,914,135,058","183,788,442,785"
"7. Phải trả theo tiến độ kế hoạch hợp đồng xây dựng
317",FPT,"83,376,234,795","80,065,381,119","92,239,834,804","73,935,649,016","63,181,791,091","71,558,000,530","83,376,234,795","80,065,381,119","92,239,834,804","73,935,649,016","78,456,375,540","92,738,882,375","78,456,375,540","92,738,882,375"
"7. Tiền thu lãi cho vay, cổ tức và lợi nhuận được chia
27",CMG,"51,971,942,498","55,777,581,907","63,476,120,852","69,163,492,190","26,145,435,927","8,610,807,382",,,,,,,"125,778,792,819",
"7. Tiền thu lãi cho vay, cổ tức và lợi nhuận được chia
27",FPT,"1,143,235,341,351","891,454,904,922","1,487,259,254,290","1,255,875,051,966","232,671,727,970","284,299,976,870",,,,,,,"2,137,225,525,330","1,597,095,527,760"
"8. Phần lãi/lỗ trong công ty liên doanh, liên kết
24",CMG,"20,744,909,194","19,077,461,656","33,652,131,899","25,861,032,509","9,093,047,521","8,940,586,791","11,669,078,136","10,136,874,865","12,907,222,705","6,783,570,853","9,189,287,689",,"40,928,455,290",
"8. Phần lãi/lỗ trong công ty liên doanh, liên kết
24",FPT,"-21,991,233,743","133,055,565,309","17,904,876,639","275,636,514,084","43,757,073,944","74,454,138,017","-65,748,307,687","58,601,427,292","39,896,110,382","142,580,948,775","58,146,301,170","117,814,322,579","42,347,008,961","393,450,836,663"
"8. Quỹ đầu tư phát triển
418",FPT,"1,186,162,995,340","1,689,800,219,262","1,278,251,861,087","1,785,871,347,912","1,134,117,262,506","1,626,776,630,590","1,186,162,995,340","1,689,800,219,262","1,278,251,861,087","1,785,871,347,912","1,559,995,344,872","2,108,953,405,345","1,549,850,939,920","2,108,953,405,345"
"8. Tài sản thiếu chờ xử lý
139",CMG,"32,400,100",,"32,400,100",,,,"32,400,100",,"32,400,100",,"32,400,100",,,
"8. Vay và nợ thuê tài chính dài hạn
338",CMG,"756,384,573,618","848,482,079,782",,"891,691,476,251","719,772,604,317","858,454,490,826","789,260,713,932","940,939,066,685",,"891,691,476,251","768,905,865,740",,"667,033,109,046",
"8. Vay và nợ thuê tài chính dài hạn
338",FPT,"214,538,478,651","478,494,331,122","172,070,230,363","478,259,485,405","312,845,373,321","525,148,987,126","229,405,973,901","478,494,331,122","172,070,230,363","478,259,485,405","208,074,996,962","501,115,537,075","208,074,996,962","501,115,537,075"
"9. Chi phí bán hàng
25",CMG,"216,550,823,926","254,121,841,929","338,321,358,071","388,123,155,146","99,387,896,087","120,246,938,151","113,411,313,314","131,288,108,928","121,770,534,145","134,001,313,217","140,704,571,490",,"490,804,425,400",
"9. Chi phí bán hàng
25",FPT,"2,340,168,068,255","2,957,160,954,915","3,774,342,423,202","4,521,023,898,551","1,101,871,534,159","1,368,948,625,743","1,238,296,534,096","1,588,212,329,172","1,434,174,354,947","1,563,862,943,636","1,316,156,285,395","1,684,353,616,264","5,242,551,906,960","6,205,377,514,815"
"9. Phải trả ngắn hạn khác
319",CMG,"99,535,781,055","153,780,538,085","135,222,136,993","100,042,128,155","91,484,550,912","122,804,652,037","109,470,524,613","162,612,404,024","135,222,136,993","100,042,128,155","114,444,773,463",,"116,928,061,727",
"9. Phải trả ngắn hạn khác
319",FPT,"618,182,713,945","836,477,698,929","681,220,123,792","867,644,213,813","634,283,296,673","741,151,780,407","618,182,641,414","836,477,698,929","681,220,123,792","867,644,213,813","1,007,219,232,845","916,333,996,623","1,015,101,605,957","916,333,996,623"
"A. NỢ PHẢI TRẢ
300",CMG,"3,664,983,624,924","4,215,357,718,846","4,005,504,851,395","4,134,017,543,403","3,802,846,762,524","3,862,931,974,822","3,707,986,170,978","4,251,332,757,759","4,005,504,851,395","4,134,017,543,403","3,580,664,357,223",,"3,509,624,914,652",
"A. NỢ PHẢI TRẢ
300",FPT,"31,929,066,630,167","32,549,802,380,215","33,707,020,718,946","32,217,402,904,957","23,679,982,202,458","30,297,604,017,265","31,961,501,828,355","32,537,727,442,612","33,707,020,718,946","32,217,402,904,957","30,376,921,097,518","36,216,611,816,559","30,349,816,316,666","36,216,611,816,559"
"A. TÀI SẢN NGẮN HẠN
100",CMG,"3,316,191,269,926","3,909,684,431,373","3,677,882,981,289","3,964,438,144,719","3,234,754,675,314","3,587,665,352,310","3,366,116,034,817","3,962,958,353,899","3,677,882,981,289","3,964,438,144,719","3,247,345,451,532",,"3,172,994,142,785",
"A. TÀI SẢN NGẮN HẠN
100",FPT,"38,758,427,341,944","40,835,231,143,696","39,531,943,273,981","42,605,105,704,316","29,524,492,711,606","37,679,149,034,489","38,758,396,857,258","40,823,156,206,093","39,531,943,273,981","42,605,105,704,316","36,709,543,350,385","45,475,495,956,466","36,705,751,751,876","45,475,495,956,466"
"B. TÀI SẢN DÀI HẠN
200",CMG,"3,583,877,541,773","3,739,381,801,632","3,601,151,448,211","3,755,296,722,147","3,739,092,435,872","3,715,870,853,475","3,581,746,949,128","3,733,593,976,373","3,601,151,448,211","3,755,296,722,147","3,674,914,350,263",,"3,680,778,687,113",
"B. TÀI SẢN DÀI HẠN
200",FPT,"21,765,967,171,287","24,451,014,484,828","22,580,733,074,663","24,976,481,427,066","21,216,668,704,842","24,345,556,013,940","21,798,289,368,274","24,498,811,518,815","22,580,733,074,663","24,976,481,427,066","23,615,732,701,547","26,537,742,279,063","23,577,075,781,023","26,537,742,279,063"
"B. VỐN CHỦ SỞ HỮU
400",CMG,"3,235,085,186,775","3,433,708,514,159","3,273,529,578,105","3,585,717,323,463","3,171,000,348,662","3,440,604,230,963","3,239,876,812,967","3,445,219,572,513","3,273,529,578,105","3,585,717,323,463","3,341,595,444,572",,"3,344,147,915,246",
"B. VỐN CHỦ SỞ HỮU
400",FPT,"28,595,327,883,064","32,736,443,248,309","28,405,655,629,698","35,364,184,226,425","27,061,179,213,990","31,727,101,031,164","28,595,184,397,177","32,784,240,282,296","28,405,655,629,698","35,364,184,226,425","29,948,354,954,414","35,796,626,418,970","29,933,011,216,233","35,796,626,418,970"
"Chi phí lãi vay
06",CMG,"49,438,123,235","38,536,479,475","74,235,389,762","62,831,152,749","20,487,444,338","18,209,569,564",,,,,,,"83,069,123,005",
"Chi phí lãi vay
06",FPT,"360,349,673,634","287,959,142,187","626,004,538,029","416,785,092,788","147,985,668,274","137,833,720,086",,,,,,,"832,648,611,261","551,639,361,786"
"Các khoản dự phòng
03",CMG,"4,247,893,264","-548,704,869","2,670,605,498","4,189,857,682","-64,581,581","527,056,017",,,,,,,"9,270,112,767",
"Các khoản dự phòng
03",FPT,"154,241,022,337","95,308,780,408","169,410,793,569","279,933,876,958","127,203,042,533","81,105,147,752",,,,,,,"677,928,749,053","1,090,451,390,915"
"I. Các khoản phải thu dài hạn
210",CMG,"31,139,260,478","32,462,188,913","35,216,974,434","31,330,621,193","33,275,310,449","32,112,406,901","31,121,826,159","32,431,960,673","35,216,974,434","31,330,621,193","33,743,654,777",,"34,471,981,257",
"I. Các khoản phải thu dài hạn
210",FPT,"228,789,446,693","315,647,881,073","237,407,427,718","346,824,501,151","223,260,548,278","319,672,686,548","228,789,446,693","315,647,881,073","237,407,427,718","346,824,501,151","247,407,205,599","331,646,166,008","247,392,102,550","331,646,166,008"
"I. Nợ ngắn hạn
310",CMG,"2,826,327,145,863","3,284,897,106,266","3,095,309,641,099","3,163,826,545,205","2,994,574,221,959","2,926,815,865,460","2,836,004,521,269","3,222,336,377,471","3,095,309,641,099","3,163,826,545,205","2,732,743,067,264",,"2,774,430,728,562",
"I. Nợ ngắn hạn
310",FPT,"31,286,939,836,444","31,353,291,224,627","33,050,415,339,821","30,969,636,903,539","23,043,504,756,733","29,033,182,945,777","31,322,666,455,571","31,341,216,287,024","33,050,415,339,821","30,969,636,903,539","29,667,280,422,306","34,780,312,270,522","29,651,673,556,227","34,780,312,270,522"
"I. Tiền và các khoản tương đương tiền
110",CMG,"393,430,237,680","566,558,092,767","608,583,417,327","660,740,835,818","253,394,381,756","474,869,945,278","393,286,892,626","536,522,065,195","608,583,417,327","660,740,835,818","525,856,345,129",,"510,579,888,457",
"I. Tiền và các khoản tương đương tiền
110",FPT,"6,236,475,101,406","6,836,262,549,195","7,153,625,069,795","7,935,632,407,357","3,289,424,451,229","6,341,457,504,996","6,236,475,101,406","6,836,262,549,195","7,153,625,069,795","7,935,632,407,357","8,279,156,683,221","9,315,440,438,884","8,279,156,683,221","9,315,440,438,884"
"I. Vốn chủ sở hữu
410",CMG,"3,235,085,186,775","3,433,708,514,159","3,273,529,578,105","3,585,717,323,463","3,171,000,348,662","3,440,604,230,963","3,239,876,812,967","3,445,219,572,513","3,273,529,578,105","3,585,717,323,463","3,341,595,444,572",,"3,344,147,915,246",
"I. Vốn chủ sở hữu
410",FPT,"28,592,577,883,064","32,733,693,248,309","28,402,905,629,698","35,361,434,226,425","27,058,429,213,990","31,724,351,031,164","28,592,434,397,177","32,781,490,282,296","28,402,905,629,698","35,361,434,226,425","29,945,604,954,414","35,793,876,418,970","29,930,261,216,233","35,793,876,418,970"
"II. Nguồn kinh phí và quỹ khác
430",FPT,"2,750,000,000","2,750,000,000","2,750,000,000","2,750,000,000","2,750,000,000","2,750,000,000","2,750,000,000","2,750,000,000","2,750,000,000","2,750,000,000","2,750,000,000","2,750,000,000","2,750,000,000","2,750,000,000"
"II. Nợ dài hạn
330",CMG,"838,656,479,061","930,460,612,580","910,195,210,296","970,190,998,198","808,272,540,565","936,116,109,362","871,981,649,709","1,028,996,380,288","910,195,210,296","970,190,998,198","847,921,289,959",,"735,194,186,090",
"II. Nợ dài hạn
330",FPT,"642,126,793,723","1,196,511,155,588","656,605,379,125","1,247,766,001,418","636,477,445,725","1,264,421,071,488","638,835,372,784","1,196,511,155,588","656,605,379,125","1,247,766,001,418","709,640,675,212","1,436,299,546,037","698,142,760,439","1,436,299,546,037"
"II. Tài sản cố định
220",CMG,"2,289,446,882,913","2,295,340,106,730","2,254,252,318,584","2,239,547,904,871","2,331,848,083,339","2,292,457,954,696","2,289,434,251,364","2,295,199,987,164","2,254,252,318,584","2,239,547,904,871","2,368,341,682,677",,"2,371,217,407,648",
"II. Tài sản cố định
220",FPT,"12,232,267,027,235","14,177,576,187,762","13,261,738,918,834","14,439,270,982,491","11,983,455,355,040","13,814,237,251,681","12,264,589,224,222","14,370,407,013,750","13,261,738,918,834","14,439,270,982,491","13,643,232,649,898","14,841,618,370,112","13,643,232,649,833","14,841,618,370,112"
"II. Đầu tư tài chính ngắn hạn
120",CMG,"937,060,013,616","1,193,766,429,476","1,043,370,543,491","1,283,864,291,876","832,982,013,616","1,164,096,529,695","937,060,013,616","1,223,773,029,476","1,043,370,543,491","1,283,864,291,876","1,099,061,029,695",,"1,112,061,029,695",
"II. Đầu tư tài chính ngắn hạn
120",FPT,"20,451,941,376,989","19,916,062,543,669","19,618,195,845,890","19,442,595,123,064","13,860,719,245,281","18,230,159,723,426","20,451,941,376,989","19,916,062,543,669","19,618,195,845,890","19,442,595,123,064","16,104,205,358,010","21,785,213,686,808","16,104,205,358,010","21,785,213,686,808"
"III. Các khoản phải thu ngắn hạn
130",CMG,"1,633,810,590,620","1,845,720,232,094","1,682,247,741,024","1,700,553,711,817","1,726,316,579,424","1,607,146,199,975","1,678,623,099,382","1,900,821,760,170","1,682,247,741,024","1,700,553,711,817","1,394,759,135,575",,"1,325,931,498,903",
"III. Các khoản phải thu ngắn hạn
130",FPT,"9,006,495,599,449","10,992,515,047,452","9,819,319,720,327","11,875,150,699,489","9,293,933,666,296","10,054,871,366,217","9,006,465,114,763","10,992,515,047,452","9,819,319,720,327","11,875,150,699,489","9,533,935,053,243","11,379,992,305,795","9,674,343,237,344","11,379,992,305,795"
"IV. Hàng tồn kho
140",CMG,"254,926,046,012","207,186,003,438","236,738,380,088","212,763,605,670","284,974,896,910","189,318,061,594","241,384,413,945","192,502,323,778","236,738,380,088","212,763,605,670","117,239,260,264",,"133,218,522,714",
"IV. Hàng tồn kho
140",FPT,"2,028,260,743,417","1,883,517,781,683","1,757,547,511,785","2,059,110,974,322","2,085,309,446,226","1,856,403,641,469","2,028,260,743,417","1,883,517,781,683","1,757,547,511,785","2,059,110,974,322","1,593,411,075,233","1,835,800,448,666","1,593,411,075,233","1,835,800,448,666"
"IV. Tài sản dở dang dài hạn
240",CMG,"814,590,058,038","911,654,286,402","838,836,694,088","977,613,943,520","781,131,860,964","857,393,901,752","814,619,018,997","906,011,347,618","838,836,694,088","977,613,943,520","792,470,283,415",,"792,225,303,715",
"IV. Tài sản dở dang dài hạn
240",FPT,"1,758,055,535,618","1,475,304,890,550","1,328,956,674,102","1,474,733,361,173","1,240,583,037,748","1,429,362,563,324","1,758,055,535,618","1,475,304,890,550","1,328,956,674,102","1,474,733,361,173","1,315,270,136,003","2,559,818,072,744","1,315,270,136,003","2,559,818,072,744"
"Khấu hao TSCĐ và BĐSĐT
02",CMG,"175,894,173,717","197,175,300,223","264,153,785,774","367,434,607,156","88,078,636,446","97,059,610,203",,,,,,,"370,166,715,601",
"Khấu hao TSCĐ và BĐSĐT
02",FPT,"1,052,343,344,631","1,247,724,052,762","1,609,870,939,648","1,891,991,357,004","510,016,474,629","617,374,340,526",,,,,,,"2,286,514,158,688","2,560,060,901,665"
"Lãi, lỗ chênh lệch tỷ giá hối đoái do đánh giá lại các khoản mục tiền tệ có gốc ngoại tệchưa thực hiện
04",CMG,"-7,046,465,104","-12,139,343,543","-10,367,425,803",,"858,991,537",,,,,,,,"-5,875,628,461",
"Lãi, lỗ chênh lệch tỷ giá hối đoái do đánh giá lại các khoản mục tiền tệ có gốc ngoại tệchưa thực hiện
04",FPT,"-91,872,356,324","-65,374,613,152","34,316,893,675","116,616,869,366","9,089,996,756","-22,556,832,506",,,,,,,"-34,070,358,211","46,311,803,197"
"Lãi, lỗ từ hoạt động đầu tư
05",CMG,"-66,447,713,115","-52,834,411,511","-82,289,644,177","-66,811,335,118","-25,137,149,462","-26,612,169,333",,,,,,,"-124,470,156,080",
"Lãi, lỗ từ hoạt động đầu tư
05",FPT,"-1,028,616,016,997","-757,509,370,736","-1,573,314,650,180","-1,214,211,899,208","-640,246,263,497","-337,553,397,592",,,,,,,"-1,976,268,355,482","-1,719,665,849,787"
"Lưu chuyển tiền thuần trong kỳ
50",CMG,"15,468,783,895","52,147,814,860","238,889,347,601","150,160,947,361","-115,912,878,938","-35,709,943,179",,,,,,,"133,698,620,446",
"Lưu chuyển tiền thuần trong kỳ
50",FPT,"-169,440,045,241","-1,404,154,348,080","722,841,808,938","-267,837,196,580","-3,153,916,012,548","-1,900,291,779,601",,,,,,,"1,800,337,593,999","1,044,195,665,750"
"Lưu chuyển tiền thuần từ hoạt động kinh doanh
20",CMG,"22,939,195,781","128,519,051,485","419,106,337,655","601,529,718,870","25,068,578,493","79,492,773,718",,,,,,,"567,147,811,514",
"Lưu chuyển tiền thuần từ hoạt động kinh doanh
20",FPT,"1,841,075,412,142","3,071,276,193,320","5,545,048,395,251","6,307,220,990,306","-1,426,695,218,855","-657,601,355,178",,,,,,,"9,517,095,698,405","12,689,378,889,529"
"Lưu chuyển tiền thuần từ hoạt động tài chính
40",CMG,"305,097,101,445","276,351,426,264","361,849,109,046","159,392,636,542","248,398,351,983","67,713,926,178",,,,,,,"150,492,497,041",
"Lưu chuyển tiền thuần từ hoạt động tài chính
40",FPT,"6,665,523,322,662","755,717,199,761","3,957,243,746,488","-1,216,601,709,566","-168,106,676,636","1,969,285,169,830",,,,,,,"-1,168,383,938,695","-2,197,766,125,834"
"Lưu chuyển tiền thuần từ hoạt động đầu tư
30",CMG,"-312,567,513,331","-352,722,662,889","-542,066,099,100","-610,761,408,051","-389,379,809,414","-182,916,643,075",,,,,,,"-583,941,688,109",
"Lưu chuyển tiền thuần từ hoạt động đầu tư
30",FPT,"-8,676,038,780,045","-5,231,147,741,161","-8,779,450,332,801","-5,358,456,477,320","-1,559,114,117,057","-3,211,975,594,253",,,,,,,"-6,548,374,165,711","-9,447,417,097,945"
Lợi nhuận sau thuế của cổ đông của Công ty mẹ,CMG,"151,449,184,393","142,100,659,170","281,527,480,654","268,671,963,976","83,917,553,520","83,226,280,864","67,950,523,164","61,050,888,486","130,078,296,261","126,571,304,806","43,478,543,809",,"336,518,503,183",
Lợi nhuận sau thuế của cổ đông của Công ty mẹ,FPT,"3,002,782,112,133","3,673,189,632,065","4,742,122,472,377","5,762,041,844,473","1,493,562,580,890","1,798,030,863,528","1,509,219,531,243","1,873,814,750,772","1,739,340,360,244","2,088,852,212,408","1,728,399,961,335","2,086,993,221,115","6,465,190,432,622","7,849,035,065,588"
Lợi ích của cổ đông thiểu số,CMG,"25,784,339,034","30,730,148,467","48,944,367,568","55,198,315,323","12,799,822,818","14,039,636,018","12,984,516,216","16,690,512,449","23,160,028,534","24,468,166,856","16,953,041,642",,"65,359,945,789",
Lợi ích của cổ đông thiểu số,FPT,"662,599,597,397","774,788,792,361","999,128,593,178","1,164,534,202,453","316,236,873,004","362,234,426,114","346,362,724,393","409,226,238,163","336,528,995,781","389,745,410,092","322,840,809,646","406,509,253,823","1,322,859,306,994","1,571,043,456,276"
"Thuế thu nhập doanh nghiệp đã nộp
14",CMG,"-18,417,124,087","-33,366,699,935","-21,165,728,330","-33,184,052,027","-6,340,983,435","-22,394,109,932",,,,,,,"-45,380,673,992",
"Thuế thu nhập doanh nghiệp đã nộp
14",FPT,"-449,335,224,909","-867,101,644,086","-704,469,137,795","-1,095,291,976,503","-286,845,937,469","-633,330,715,962",,,,,,,"-971,344,830,054","-1,210,831,548,449"
"Tiền chi khác từ hoạt động kinh doanh
16",CMG,"-15,128,620,517","-28,082,253,879","-35,827,239,629",,"-6,294,932,954","-1,424,028,104",,,,,,,"-45,971,236,737",
"Tiền chi khác từ hoạt động kinh doanh
16",FPT,"-273,169,536,005","-383,980,058,851","-282,905,228,250","-394,803,287,851","-221,143,116,021","-369,965,368,266",,,,,,,"-347,735,082,564","-468,344,743,027"
"Tiền lãi vay đã trả
13",CMG,"-55,250,257,240","-35,091,055,923","-74,303,342,322","-62,831,152,749","-24,473,211,982","-18,209,569,564",,,,,,,"-79,907,298,522",
"Tiền lãi vay đã trả
13",FPT,"-350,119,649,917","-284,520,903,589","-511,768,864,187","-482,949,318,298","-189,127,995,202","-160,111,959,538",,,,,,,"-832,038,375,945","-607,154,747,076"
"Tiền thu khác từ hoạt động kinh doanh
15",CMG,,,,"9,618,335,100",,,,,,,,,,
"Tiền và tương đương tiền cuối kỳ (70 = 50 +60 + 61)
70",CMG,"393,430,237,680","566,558,092,767","608,583,417,327","660,740,835,818","253,394,381,756","474,869,945,278",,,,,,,"510,579,888,457",
"Tiền và tương đương tiền cuối kỳ (70 = 50 +60 + 61)
70",FPT,"6,236,475,101,406","6,836,262,549,195","7,153,625,069,795","7,935,632,407,357","3,289,424,451,229","6,341,457,504,996",,,,,,,"8,279,156,683,221","9,315,440,438,884"
"Tiền và tương đương tiền đầu kỳ
60",CMG,"371,043,702,907","510,579,888,457","371,043,702,907","510,579,888,457","371,043,702,907","510,579,888,457",,,,,,,"371,043,702,907",
"Tiền và tương đương tiền đầu kỳ
60",FPT,"6,440,177,174,322","8,279,156,683,221","6,440,177,174,322","8,279,156,683,221","6,440,177,174,322","8,279,156,683,221",,,,,,,"6,440,177,174,322","8,279,156,683,221"
"Trong đó :Chi phí lãi vay
23",CMG,"49,438,123,235","38,536,479,475","74,235,389,762","62,831,152,749","20,487,444,338","18,209,569,564","22,802,533,994","20,326,909,911","24,797,266,527","24,294,673,274","16,072,795,006",,"83,069,123,005",
"Trong đó :Chi phí lãi vay
23",FPT,"360,349,673,634","287,959,142,187","626,004,538,029","416,785,092,788","147,985,668,274","137,833,720,086","212,364,005,360","150,125,422,101","265,654,864,395","128,825,950,601","206,644,073,232","134,854,268,998","832,648,611,261","551,639,361,786"
"Tăng, giảm chi phí trả trước
12",CMG,"7,773,663,454","-32,471,437,164","-19,315,266,833","-41,751,146,485","-34,634,221,826","-90,177,347,367",,,,,,,"-4,121,644,263",
"Tăng, giảm chi phí trả trước
12",FPT,"-106,843,435,226","-47,546,942,977","-153,424,139,235","-214,047,606,305","-117,502,927,576","-67,254,616,445",,,,,,,"65,247,409,505","-417,826,947,808"
"Tăng, giảm các khoản phải thu
09",CMG,"-66,405,461,447","-509,364,645,366","-107,847,145,590","-419,108,315,836","-170,996,579,650","-287,729,313,573",,,,,,,"182,293,050,493",
"Tăng, giảm các khoản phải thu
09",FPT,"-31,640,214,759","-1,094,264,423,554","-957,911,340,315","-2,335,876,684,409","-149,759,558,922","-167,453,550,762",,,,,,,"-1,163,209,212,196","-1,891,783,017,042"
"Tăng, giảm các khoản phải trả (không kể lãi vay phải trả, thuế thu nhập phải nộp)
11",CMG,"-215,689,053,768","471,401,117,892","8,113,289,232","486,297,963,461","70,820,250,406","353,818,340,558",,,,,,,"-347,784,917,421",
"Tăng, giảm các khoản phải trả (không kể lãi vay phải trả, thuế thu nhập phải nộp)
11",FPT,"-1,675,331,667,436","33,942,453,445","296,634,563,477","1,696,907,357,137","-2,621,858,951,796","-1,997,629,152,574",,,,,,,"1,380,255,770,889","3,929,994,615,791"
"Tăng, giảm hàng tồn kho
10",CMG,"32,347,013,342","-73,967,480,724","49,227,509,939","-79,355,082,956","3,133,853,835","-56,099,538,880",,,,,,,"114,671,907,889",
"Tăng, giảm hàng tồn kho
10",FPT,"-57,706,807,332","-295,910,884,913","224,677,286,511","-469,004,030,123","-115,149,297,662","-271,641,024,449",,,,,,,"396,161,114,891","-244,311,061,478"
"TỔNG CỘNG NGUỒN VỐN
440",CMG,"6,900,068,811,699","7,649,066,233,005","7,279,034,429,500","7,719,734,866,866","6,973,847,111,186","7,303,536,205,785","6,947,862,983,945","7,696,552,330,272","7,279,034,429,500","7,719,734,866,866","6,922,259,801,795",,"6,853,772,829,898",
"TỔNG CỘNG NGUỒN VỐN
440",FPT,"60,524,394,513,231","65,286,245,628,524","62,112,676,348,644","67,581,587,131,382","50,741,161,416,448","62,024,705,048,429","60,556,686,225,532","65,321,967,724,908","62,112,676,348,644","67,581,587,131,382","60,325,276,051,932","72,013,238,235,529","60,282,827,532,899","72,013,238,235,529"
"TỔNG CỘNG TÀI SẢN
280",CMG,"6,900,068,811,699","7,649,066,233,005","7,279,034,429,500","7,719,734,866,866","6,973,847,111,186","7,303,536,205,785","6,947,862,983,945","7,696,552,330,272","7,279,034,429,500","7,719,734,866,866","6,922,259,801,795",,"6,853,772,829,898",
"TỔNG CỘNG TÀI SẢN
280",FPT,"60,524,394,513,231","65,286,245,628,524","62,112,676,348,644","67,581,587,131,382","50,741,161,416,448","62,024,705,048,429","60,556,686,225,532","65,321,967,724,908","62,112,676,348,644","67,581,587,131,382","60,325,276,051,932","72,013,238,235,529","60,282,827,532,899","72,013,238,235,529"
"V. Tài sản ngắn hạn khác
150",CMG,"96,964,381,998","96,453,673,598","106,942,899,359","106,515,699,538","137,086,803,608","152,234,615,768","115,761,615,248","109,339,175,280","106,942,899,359","106,515,699,538","110,429,680,869",,"91,203,203,016",
"V. Tài sản ngắn hạn khác
150",FPT,"1,035,254,520,683","1,206,873,221,697","1,183,255,126,184","1,292,616,500,084","995,105,902,574","1,196,256,798,381","1,035,254,520,683","1,194,798,284,094","1,183,255,126,184","1,292,616,500,084","1,198,835,180,678","1,159,049,076,313","1,054,635,398,068","1,159,049,076,313"
"V. Đầu tư tài chính dài hạn
250",CMG,"79,278,815,985","83,513,934,986","86,015,008,690","84,126,505,839","219,940,918,070","73,377,060,121","81,609,896,206","83,513,934,986","86,015,008,690","84,126,505,839","95,204,296,379",,"95,291,473,330",
"V. Đầu tư tài chính dài hạn
250",FPT,"3,045,169,826,409","3,095,902,850,581","3,223,296,628,954","3,214,141,461,080","3,257,209,895,051","3,415,559,155,234","3,045,169,826,409","3,095,902,850,581","3,223,296,628,954","3,214,141,461,080","3,367,402,312,269","3,319,014,817,651","3,335,009,108,332","3,319,014,817,651"
"VI. Tài sản dài hạn khác
260",CMG,"369,422,524,359","416,411,284,601","386,830,452,415","422,677,746,724","372,896,263,050","460,529,530,005","364,961,956,402","416,436,745,932","386,830,452,415","422,677,746,724","385,154,433,015",,"387,572,521,163",
"VI. Tài sản dài hạn khác
260",FPT,"4,501,685,335,332","5,386,582,674,862","4,529,333,425,055","5,501,511,121,171","4,512,159,868,725","5,366,724,357,153","4,501,685,335,332","5,241,548,882,861","4,529,333,425,055","5,501,511,121,171","5,042,420,397,778","5,485,644,852,548","5,036,171,784,305","5,485,644,852,548"
"Ảnh hưởng của thay đổi tỷ giá hối đoái quy đổi ngoại tệ
61",CMG,"6,917,750,878","3,830,389,450","-1,349,633,181",,"-1,736,442,213",,,,,,,,"5,837,565,104",
"Ảnh hưởng của thay đổi tỷ giá hối đoái quy đổi ngoại tệ
61",FPT,"-34,262,027,675","-38,739,785,946","-9,393,913,465","-75,687,079,284","3,163,289,455","-37,407,398,624",,,,,,,"38,641,914,900","-7,911,910,087"
