,news_count,news_avg_title_len,news_avg_summary_len,news_llm_sentiment,div_event_count,div_total_vnd,div_total_bonus_ratio,it_event_count,it_total_executed_vol,meeting_event_count
2023-05-04,1.0,160.0,2103.0,0.0,2.0,1000.0,6.666666666666667,9.0,1954643.0,1.0
2023-05-05,1.0,160.0,2103.0,0.0,2.0,1000.0,6.666666666666667,1.0,-4000000.0,1.0
2023-05-06,1.0,160.0,2103.0,0.0,2.0,1000.0,6.666666666666667,1.0,-4000000.0,1.0
2023-05-07,1.0,160.0,2103.0,0.0,2.0,1000.0,6.666666666666667,1.0,-4000000.0,1.0
2023-05-08,1.0,160.0,2103.0,0.0,2.0,1000.0,6.666666666666667,1.0,-4000000.0,1.0
2023-05-09,1.0,160.0,2103.0,0.0,2.0,1000.0,6.666666666666667,1.0,-4000000.0,1.0
2023-05-10,1.0,160.0,2103.0,0.0,2.0,1000.0,6.666666666666667,1.0,-4000000.0,1.0
2023-05-11,1.0,160.0,2103.0,0.0,2.0,1000.0,6.666666666666667,1.0,-4000000.0,1.0
2023-05-12,1.0,160.0,2103.0,0.0,2.0,1000.0,6.666666666666667,1.0,-4000000.0,1.0
2023-05-13,1.0,160.0,2103.0,0.0,2.0,1000.0,6.666666666666667,1.0,-4000000.0,1.0
2023-05-14,1.0,160.0,2103.0,0.0,2.0,1000.0,6.666666666666667,1.0,-4000000.0,1.0
2023-05-15,1.0,160.0,2103.0,0.0,2.0,1000.0,6.666666666666667,1.0,-4000000.0,1.0
2023-05-16,1.0,160.0,2103.0,0.0,2.0,1000.0,6.666666666666667,1.0,-4000000.0,1.0
2023-05-17,1.0,160.0,2103.0,0.0,2.0,1000.0,6.666666666666667,1.0,-4000000.0,1.0
2023-05-18,1.0,160.0,2103.0,0.0,2.0,1000.0,6.666666666666667,1.0,-4000000.0,1.0
2023-05-19,1.0,160.0,2103.0,0.0,2.0,1000.0,6.666666666666667,1.0,-4000000.0,1.0
2023-05-20,1.0,160.0,2103.0,0.0,2.0,1000.0,6.666666666666667,1.0,-4000000.0,1.0
2023-05-21,1.0,160.0,2103.0,0.0,2.0,1000.0,6.666666666666667,1.0,-4000000.0,1.0
2023-05-22,1.0,160.0,2103.0,0.0,2.0,1000.0,6.666666666666667,1.0,-4000000.0,1.0
2023-05-23,1.0,160.0,2103.0,0.0,2.0,1000.0,6.666666666666667,1.0,-4000000.0,1.0
2023-05-24,1.0,160.0,2103.0,0.0,2.0,1000.0,6.666666666666667,1.0,-4000000.0,1.0
2023-05-25,1.0,160.0,2103.0,0.0,2.0,1000.0,6.666666666666667,1.0,-4000000.0,1.0
2023-05-26,1.0,160.0,2103.0,0.0,2.0,1000.0,6.666666666666667,1.0,-4000000.0,1.0
2023-05-27,1.0,160.0,2103.0,0.0,2.0,1000.0,6.666666666666667,1.0,-4000000.0,1.0
2023-05-28,1.0,160.0,2103.0,0.0,2.0,1000.0,6.666666666666667,1.0,-4000000.0,1.0
2023-05-29,1.0,160.0,2103.0,0.0,2.0,1000.0,6.666666666666667,1.0,-4000000.0,1.0
2023-05-30,1.0,160.0,2103.0,0.0,2.0,1000.0,6.666666666666667,1.0,-4000000.0,1.0
2023-05-31,1.0,160.0,2103.0,0.0,2.0,1000.0,6.666666666666667,1.0,-4000000.0,1.0
2023-06-01,1.0,160.0,2103.0,0.0,2.0,1000.0,6.666666666666667,1.0,-4000000.0,1.0
2023-06-02,1.0,160.0,2103.0,0.0,2.0,1000.0,6.666666666666667,1.0,-4000000.0,1.0
2023-06-03,1.0,160.0,2103.0,0.0,2.0,1000.0,6.666666666666667,1.0,-4000000.0,1.0
2023-06-04,1.0,160.0,2103.0,0.0,2.0,1000.0,6.666666666666667,1.0,-4000000.0,1.0
2023-06-05,1.0,160.0,2103.0,0.0,2.0,1000.0,6.666666666666667,1.0,-4000000.0,1.0
2023-06-06,1.0,160.0,2103.0,0.0,2.0,1000.0,6.666666666666667,1.0,-4000000.0,1.0
2023-06-07,1.0,160.0,2103.0,0.0,2.0,1000.0,6.666666666666667,1.0,-4000000.0,1.0
2023-06-08,1.0,160.0,2103.0,0.0,2.0,1000.0,6.666666666666667,1.0,-4000000.0,1.0
2023-06-09,1.0,160.0,2103.0,0.0,2.0,1000.0,6.666666666666667,1.0,-4000000.0,1.0
2023-06-10,1.0,160.0,2103.0,0.0,2.0,1000.0,6.666666666666667,1.0,-4000000.0,1.0
2023-06-11,1.0,160.0,2103.0,0.0,2.0,1000.0,6.666666666666667,1.0,-4000000.0,1.0
2023-06-12,1.0,160.0,2103.0,0.0,2.0,1000.0,6.666666666666667,1.0,-4000000.0,1.0
2023-06-13,1.0,160.0,2103.0,0.0,2.0,1000.0,6.666666666666667,1.0,-4000000.0,1.0
2023-06-14,1.0,160.0,2103.0,0.0,2.0,1000.0,6.666666666666667,1.0,-4000000.0,1.0
2023-06-15,1.0,160.0,2103.0,0.0,2.0,1000.0,6.666666666666667,1.0,-4000000.0,1.0
2023-06-16,1.0,160.0,2103.0,0.0,2.0,1000.0,6.666666666666667,1.0,-4000000.0,1.0
2023-06-17,1.0,160.0,2103.0,0.0,2.0,1000.0,6.666666666666667,1.0,-4000000.0,1.0
2023-06-18,1.0,160.0,2103.0,0.0,2.0,1000.0,6.666666666666667,1.0,-4000000.0,1.0
2023-06-19,1.0,160.0,2103.0,0.0,2.0,1000.0,6.666666666666667,1.0,-4000000.0,1.0
2023-06-20,1.0,160.0,2103.0,0.0,2.0,1000.0,6.666666666666667,1.0,-4000000.0,1.0
2023-06-21,1.0,160.0,2103.0,0.0,2.0,1000.0,6.666666666666667,1.0,-4000000.0,1.0
2023-06-22,1.0,160.0,2103.0,0.0,2.0,1000.0,6.666666666666667,1.0,-4000000.0,1.0
2023-06-23,1.0,160.0,2103.0,0.0,2.0,1000.0,6.666666666666667,1.0,-4000000.0,1.0
2023-06-24,1.0,160.0,2103.0,0.0,2.0,1000.0,6.666666666666667,1.0,-4000000.0,1.0
2023-06-25,1.0,160.0,2103.0,0.0,2.0,1000.0,6.666666666666667,1.0,-4000000.0,1.0
2023-06-26,1.0,160.0,2103.0,0.0,2.0,1000.0,6.666666666666667,1.0,-4000000.0,1.0
2023-06-27,1.0,160.0,2103.0,0.0,2.0,1000.0,6.666666666666667,1.0,-4000000.0,1.0
2023-06-28,1.0,160.0,2103.0,0.0,2.0,1000.0,6.666666666666667,1.0,-4000000.0,1.0
2023-06-29,1.0,160.0,2103.0,0.0,2.0,1000.0,6.666666666666667,1.0,-4000000.0,1.0
2023-06-30,1.0,160.0,2103.0,0.0,2.0,1000.0,6.666666666666667,1.0,-4000000.0,1.0
2023-07-01,1.0,160.0,2103.0,0.0,2.0,1000.0,6.666666666666667,1.0,-4000000.0,1.0
2023-07-02,1.0,160.0,2103.0,0.0,2.0,1000.0,6.666666666666667,1.0,-4000000.0,1.0
2023-07-03,1.0,160.0,2103.0,0.0,2.0,1000.0,6.666666666666667,1.0,-4000000.0,1.0
2023-07-04,1.0,160.0,2103.0,0.0,2.0,1000.0,6.666666666666667,1.0,-4000000.0,1.0
2023-07-05,1.0,160.0,2103.0,0.0,2.0,1000.0,6.666666666666667,1.0,-4000000.0,1.0
2023-07-06,1.0,160.0,2103.0,0.0,1.0,1000.0,0.0,1.0,-4000000.0,1.0
2023-07-07,1.0,160.0,2103.0,0.0,1.0,1000.0,0.0,1.0,-4000000.0,1.0
2023-07-08,1.0,160.0,2103.0,0.0,1.0,1000.0,0.0,1.0,-4000000.0,1.0
2023-07-09,1.0,160.0,2103.0,0.0,1.0,1000.0,0.0,1.0,-4000000.0,1.0
2023-07-10,1.0,160.0,2103.0,0.0,1.0,1000.0,0.0,1.0,-4000000.0,1.0
2023-07-11,1.0,160.0,2103.0,0.0,1.0,1000.0,0.0,1.0,-4000000.0,1.0
2023-07-12,1.0,160.0,2103.0,0.0,1.0,1000.0,0.0,1.0,-4000000.0,1.0
2023-07-13,1.0,160.0,2103.0,0.0,1.0,1000.0,0.0,1.0,-4000000.0,1.0
2023-07-14,1.0,160.0,2103.0,0.0,1.0,1000.0,0.0,1.0,-4000000.0,1.0
2023-07-15,1.0,160.0,2103.0,0.0,1.0,1000.0,0.0,1.0,-4000000.0,1.0
2023-07-16,1.0,160.0,2103.0,0.0,1.0,1000.0,0.0,1.0,-4000000.0,1.0
2023-07-17,1.0,160.0,2103.0,0.0,1.0,1000.0,0.0,1.0,-4000000.0,1.0
2023-07-18,1.0,160.0,2103.0,0.0,1.0,1000.0,0.0,1.0,-4000000.0,1.0
2023-07-19,1.0,160.0,2103.0,0.0,1.0,1000.0,0.0,1.0,-4000000.0,1.0
2023-07-20,1.0,160.0,2103.0,0.0,1.0,1000.0,0.0,1.0,-4000000.0,1.0
2023-07-21,1.0,160.0,2103.0,0.0,1.0,1000.0,0.0,1.0,-4000000.0,1.0
2023-07-22,1.0,160.0,2103.0,0.0,1.0,1000.0,0.0,1.0,-4000000.0,1.0
2023-07-23,1.0,160.0,2103.0,0.0,1.0,1000.0,0.0,1.0,-4000000.0,1.0
2023-07-24,1.0,160.0,2103.0,0.0,1.0,1000.0,0.0,1.0,-4000000.0,1.0
2023-07-25,1.0,160.0,2103.0,0.0,1.0,1000.0,0.0,1.0,603600.0,1.0
2023-07-26,1.0,160.0,2103.0,0.0,1.0,1000.0,0.0,1.0,603600.0,1.0
2023-07-27,1.0,160.0,2103.0,0.0,1.0,1000.0,0.0,1.0,603600.0,1.0
2023-07-28,1.0,160.0,2103.0,0.0,1.0,1000.0,0.0,1.0,603600.0,1.0
2023-07-29,1.0,160.0,2103.0,0.0,1.0,1000.0,0.0,1.0,603600.0,1.0
2023-07-30,1.0,160.0,2103.0,0.0,1.0,1000.0,0.0,1.0,603600.0,1.0
2023-07-31,1.0,160.0,2103.0,0.0,1.0,1000.0,0.0,1.0,603600.0,1.0
2023-08-01,1.0,160.0,2103.0,0.0,1.0,1000.0,0.0,1.0,603600.0,1.0
2023-08-02,1.0,160.0,2103.0,0.0,1.0,1000.0,0.0,1.0,603600.0,1.0
2023-08-03,1.0,160.0,2103.0,0.0,1.0,1000.0,0.0,1.0,603600.0,1.0
2023-08-04,1.0,160.0,2103.0,0.0,1.0,1000.0,0.0,1.0,603600.0,1.0
2023-08-05,1.0,160.0,2103.0,0.0,1.0,1000.0,0.0,1.0,603600.0,1.0
2023-08-06,1.0,160.0,2103.0,0.0,1.0,1000.0,0.0,1.0,603600.0,1.0
2023-08-07,1.0,160.0,2103.0,0.0,1.0,1000.0,0.0,1.0,603600.0,1.0
2023-08-08,1.0,160.0,2103.0,0.0,1.0,1000.0,0.0,1.0,603600.0,1.0
2023-08-09,1.0,160.0,2103.0,0.0,1.0,1000.0,0.0,1.0,603600.0,1.0
2023-08-10,1.0,160.0,2103.0,0.0,1.0,1000.0,0.0,1.0,603600.0,1.0
2023-08-11,1.0,160.0,2103.0,0.0,1.0,1000.0,0.0,1.0,603600.0,1.0
2023-08-12,1.0,160.0,2103.0,0.0,1.0,1000.0,0.0,1.0,603600.0,1.0
2023-08-13,1.0,160.0,2103.0,0.0,1.0,1000.0,0.0,1.0,603600.0,1.0
2023-08-14,1.0,160.0,2103.0,0.0,1.0,1000.0,0.0,1.0,603600.0,1.0
2023-08-15,1.0,160.0,2103.0,0.0,1.0,1000.0,0.0,1.0,603600.0,1.0
2023-08-16,1.0,160.0,2103.0,0.0,1.0,1000.0,0.0,1.0,603600.0,1.0
2023-08-17,1.0,160.0,2103.0,0.0,1.0,1000.0,0.0,1.0,603600.0,1.0
2023-08-18,1.0,160.0,2103.0,0.0,1.0,1000.0,0.0,1.0,603600.0,1.0
2023-08-19,1.0,160.0,2103.0,0.0,1.0,1000.0,0.0,1.0,603600.0,1.0
2023-08-20,1.0,160.0,2103.0,0.0,1.0,1000.0,0.0,1.0,603600.0,1.0
2023-08-21,1.0,160.0,2103.0,0.0,1.0,1000.0,0.0,1.0,603600.0,1.0
2023-08-22,1.0,160.0,2103.0,0.0,1.0,1000.0,0.0,1.0,603600.0,1.0
2023-08-23,1.0,160.0,2103.0,0.0,1.0,1000.0,0.0,1.0,603600.0,1.0
2023-08-24,1.0,160.0,2103.0,0.0,1.0,1000.0,0.0,1.0,603600.0,1.0
2023-08-25,1.0,160.0,2103.0,0.0,2.0,1000.0,6.666666666666667,1.0,603600.0,1.0
2023-08-26,1.0,160.0,2103.0,0.0,2.0,1000.0,6.666666666666667,1.0,603600.0,1.0
2023-08-27,1.0,160.0,2103.0,0.0,2.0,1000.0,6.666666666666667,1.0,603600.0,1.0
2023-08-28,1.0,160.0,2103.0,0.0,2.0,1000.0,6.666666666666667,1.0,603600.0,1.0
2023-08-29,1.0,160.0,2103.0,0.0,2.0,1000.0,6.666666666666667,1.0,603600.0,1.0
2023-08-30,1.0,160.0,2103.0,0.0,2.0,1000.0,6.666666666666667,4.0,-1000000.0,1.0
2023-08-31,1.0,160.0,2103.0,0.0,2.0,1000.0,6.666666666666667,4.0,-1000000.0,1.0
2023-09-01,1.0,160.0,2103.0,0.0,2.0,1000.0,6.666666666666667,4.0,-1000000.0,1.0
2023-09-02,1.0,160.0,2103.0,0.0,2.0,1000.0,6.666666666666667,4.0,-1000000.0,1.0
2023-09-03,1.0,160.0,2103.0,0.0,2.0,1000.0,6.666666666666667,4.0,-1000000.0,1.0
2023-09-04,1.0,160.0,2103.0,0.0,2.0,1000.0,6.666666666666667,4.0,-1000000.0,1.0
2023-09-05,1.0,160.0,2103.0,0.0,2.0,1000.0,6.666666666666667,4.0,-1000000.0,1.0
2023-09-06,1.0,160.0,2103.0,0.0,2.0,1000.0,6.666666666666667,4.0,-1000000.0,1.0
2023-09-07,1.0,160.0,2103.0,0.0,2.0,1000.0,6.666666666666667,4.0,-1000000.0,1.0
2023-09-08,1.0,160.0,2103.0,0.0,2.0,1000.0,6.666666666666667,4.0,-1000000.0,1.0
2023-09-09,1.0,160.0,2103.0,0.0,2.0,1000.0,6.666666666666667,4.0,-1000000.0,1.0
2023-09-10,1.0,160.0,2103.0,0.0,2.0,1000.0,6.666666666666667,4.0,-1000000.0,1.0
2023-09-11,1.0,160.0,2103.0,0.0,2.0,1000.0,6.666666666666667,4.0,-1000000.0,1.0
2023-09-12,1.0,160.0,2103.0,0.0,2.0,1000.0,6.666666666666667,4.0,-1000000.0,1.0
2023-09-13,1.0,160.0,2103.0,0.0,2.0,1000.0,6.666666666666667,4.0,-1000000.0,1.0
2023-09-14,1.0,160.0,2103.0,0.0,2.0,1000.0,6.666666666666667,4.0,-1000000.0,1.0
2023-09-15,1.0,160.0,2103.0,0.0,2.0,1000.0,6.666666666666667,4.0,-1000000.0,1.0
2023-09-16,1.0,160.0,2103.0,0.0,2.0,1000.0,6.666666666666667,4.0,-1000000.0,1.0
2023-09-17,1.0,160.0,2103.0,0.0,2.0,1000.0,6.666666666666667,4.0,-1000000.0,1.0
2023-09-18,1.0,160.0,2103.0,0.0,2.0,1000.0,6.666666666666667,4.0,-1000000.0,1.0
2023-09-19,1.0,160.0,2103.0,0.0,2.0,1000.0,6.666666666666667,4.0,-1000000.0,1.0
2023-09-20,1.0,160.0,2103.0,0.0,2.0,1000.0,6.666666666666667,4.0,-1000000.0,1.0
2023-09-21,1.0,160.0,2103.0,0.0,2.0,1000.0,6.666666666666667,4.0,-1000000.0,1.0
2023-09-22,1.0,160.0,2103.0,0.0,2.0,1000.0,6.666666666666667,1.0,550000.0,1.0
2023-09-23,1.0,160.0,2103.0,0.0,2.0,1000.0,6.666666666666667,1.0,550000.0,1.0
2023-09-24,1.0,160.0,2103.0,0.0,2.0,1000.0,6.666666666666667,1.0,550000.0,1.0
2023-09-25,1.0,160.0,2103.0,0.0,2.0,1000.0,6.666666666666667,1.0,550000.0,1.0
2023-09-26,1.0,160.0,2103.0,0.0,2.0,1000.0,6.666666666666667,1.0,550000.0,1.0
2023-09-27,1.0,160.0,2103.0,0.0,2.0,1000.0,6.666666666666667,1.0,550000.0,1.0
2023-09-28,1.0,160.0,2103.0,0.0,2.0,1000.0,6.666666666666667,1.0,550000.0,1.0
2023-09-29,1.0,160.0,2103.0,0.0,2.0,1000.0,6.666666666666667,1.0,550000.0,1.0
2023-09-30,1.0,160.0,2103.0,0.0,2.0,1000.0,6.666666666666667,1.0,550000.0,1.0
2023-10-01,1.0,160.0,2103.0,0.0,2.0,1000.0,6.666666666666667,1.0,550000.0,1.0
2023-10-02,1.0,160.0,2103.0,0.0,2.0,1000.0,6.666666666666667,1.0,550000.0,1.0
2023-10-03,1.0,160.0,2103.0,0.0,2.0,1000.0,6.666666666666667,1.0,550000.0,1.0
2023-10-04,1.0,160.0,2103.0,0.0,2.0,1000.0,6.666666666666667,1.0,550000.0,1.0
2023-10-05,1.0,160.0,2103.0,0.0,2.0,1000.0,6.666666666666667,1.0,550000.0,1.0
2023-10-06,1.0,160.0,2103.0,0.0,2.0,1000.0,6.666666666666667,1.0,550000.0,1.0
2023-10-07,1.0,160.0,2103.0,0.0,2.0,1000.0,6.666666666666667,1.0,550000.0,1.0
2023-10-08,1.0,160.0,2103.0,0.0,2.0,1000.0,6.666666666666667,1.0,550000.0,1.0
2023-10-09,1.0,160.0,2103.0,0.0,2.0,1000.0,6.666666666666667,1.0,550000.0,1.0
2023-10-10,1.0,160.0,2103.0,0.0,2.0,1000.0,6.666666666666667,1.0,550000.0,1.0
2023-10-11,1.0,160.0,2103.0,0.0,2.0,1000.0,6.666666666666667,1.0,0.0,1.0
2023-10-12,1.0,160.0,2103.0,0.0,2.0,1000.0,6.666666666666667,1.0,0.0,1.0
2023-10-13,1.0,160.0,2103.0,0.0,2.0,1000.0,6.666666666666667,1.0,0.0,1.0
2023-10-14,1.0,160.0,2103.0,0.0,2.0,1000.0,6.666666666666667,1.0,0.0,1.0
2023-10-15,1.0,160.0,2103.0,0.0,2.0,1000.0,6.666666666666667,1.0,0.0,1.0
2023-10-16,1.0,160.0,2103.0,0.0,2.0,1000.0,6.666666666666667,1.0,0.0,1.0
2023-10-17,1.0,160.0,2103.0,0.0,2.0,1000.0,6.666666666666667,1.0,0.0,1.0
2023-10-18,1.0,160.0,2103.0,0.0,2.0,1000.0,6.666666666666667,1.0,0.0,1.0
2023-10-19,1.0,160.0,2103.0,0.0,2.0,1000.0,6.666666666666667,1.0,0.0,1.0
2023-10-20,1.0,160.0,2103.0,0.0,2.0,1000.0,6.666666666666667,1.0,0.0,1.0
2023-10-21,1.0,160.0,2103.0,0.0,2.0,1000.0,6.666666666666667,1.0,0.0,1.0
2023-10-22,1.0,160.0,2103.0,0.0,2.0,1000.0,6.666666666666667,1.0,0.0,1.0
2023-10-23,1.0,160.0,2103.0,0.0,2.0,1000.0,6.666666666666667,1.0,0.0,1.0
2023-10-24,1.0,160.0,2103.0,0.0,2.0,1000.0,6.666666666666667,1.0,0.0,1.0
2023-10-25,1.0,160.0,2103.0,0.0,2.0,1000.0,6.666666666666667,1.0,0.0,1.0
2023-10-26,1.0,160.0,2103.0,0.0,2.0,1000.0,6.666666666666667,1.0,0.0,1.0
2023-10-27,1.0,160.0,2103.0,0.0,2.0,1000.0,6.666666666666667,1.0,0.0,1.0
2023-10-28,1.0,160.0,2103.0,0.0,2.0,1000.0,6.666666666666667,1.0,0.0,1.0
2023-10-29,1.0,160.0,2103.0,0.0,2.0,1000.0,6.666666666666667,1.0,0.0,1.0
2023-10-30,1.0,160.0,2103.0,0.0,2.0,1000.0,6.666666666666667,1.0,0.0,1.0
2023-10-31,1.0,160.0,2103.0,0.0,2.0,1000.0,6.666666666666667,1.0,0.0,1.0
2023-11-01,1.0,160.0,2103.0,0.0,2.0,1000.0,6.666666666666667,1.0,0.0,1.0
2023-11-02,1.0,160.0,2103.0,0.0,2.0,1000.0,6.666666666666667,1.0,0.0,1.0
2023-11-03,1.0,160.0,2103.0,0.0,2.0,1000.0,6.666666666666667,1.0,0.0,1.0
2023-11-04,1.0,160.0,2103.0,0.0,2.0,1000.0,6.666666666666667,1.0,0.0,1.0
2023-11-05,1.0,160.0,2103.0,0.0,2.0,1000.0,6.666666666666667,1.0,0.0,1.0
2023-11-06,1.0,160.0,2103.0,0.0,2.0,1000.0,6.666666666666667,1.0,0.0,1.0
2023-11-07,1.0,160.0,2103.0,0.0,2.0,1000.0,6.666666666666667,1.0,0.0,1.0
2023-11-08,1.0,160.0,2103.0,0.0,2.0,1000.0,6.666666666666667,1.0,0.0,1.0
2023-11-09,1.0,160.0,2103.0,0.0,2.0,1000.0,6.666666666666667,1.0,0.0,1.0
2023-11-10,1.0,160.0,2103.0,0.0,2.0,1000.0,6.666666666666667,1.0,0.0,1.0
2023-11-11,1.0,160.0,2103.0,0.0,2.0,1000.0,6.666666666666667,1.0,0.0,1.0
2023-11-12,1.0,160.0,2103.0,0.0,2.0,1000.0,6.666666666666667,1.0,0.0,1.0
2023-11-13,1.0,160.0,2103.0,0.0,2.0,1000.0,6.666666666666667,1.0,0.0,1.0
2023-11-14,1.0,160.0,2103.0,0.0,2.0,1000.0,6.666666666666667,1.0,0.0,1.0
2023-11-15,1.0,160.0,2103.0,0.0,2.0,1000.0,6.666666666666667,1.0,0.0,1.0
2023-11-16,1.0,160.0,2103.0,0.0,2.0,1000.0,6.666666666666667,1.0,0.0,1.0
2023-11-17,1.0,160.0,2103.0,0.0,2.0,1000.0,6.666666666666667,1.0,0.0,1.0
2023-11-18,1.0,160.0,2103.0,0.0,2.0,1000.0,6.666666666666667,1.0,0.0,1.0
2023-11-19,1.0,160.0,2103.0,0.0,2.0,1000.0,6.666666666666667,1.0,0.0,1.0
2023-11-20,1.0,160.0,2103.0,0.0,2.0,1000.0,6.666666666666667,1.0,0.0,1.0
2023-11-21,1.0,160.0,2103.0,0.0,2.0,1000.0,6.666666666666667,1.0,0.0,1.0
2023-11-22,1.0,160.0,2103.0,0.0,2.0,1000.0,6.666666666666667,1.0,0.0,1.0
2023-11-23,1.0,160.0,2103.0,0.0,2.0,1000.0,6.666666666666667,1.0,0.0,1.0
2023-11-24,1.0,160.0,2103.0,0.0,2.0,1000.0,6.666666666666667,1.0,0.0,1.0
2023-11-25,1.0,160.0,2103.0,0.0,2.0,1000.0,6.666666666666667,1.0,0.0,1.0
2023-11-26,1.0,160.0,2103.0,0.0,2.0,1000.0,6.666666666666667,1.0,0.0,1.0
2023-11-27,1.0,160.0,2103.0,0.0,2.0,1000.0,6.666666666666667,1.0,0.0,1.0
2023-11-28,1.0,160.0,2103.0,0.0,2.0,1000.0,6.666666666666667,1.0,0.0,1.0
2023-11-29,1.0,160.0,2103.0,0.0,2.0,1000.0,6.666666666666667,1.0,0.0,1.0
2023-11-30,1.0,160.0,2103.0,0.0,2.0,1000.0,6.666666666666667,1.0,0.0,1.0
2023-12-01,1.0,160.0,2103.0,0.0,2.0,1000.0,6.666666666666667,1.0,0.0,1.0
2023-12-02,1.0,160.0,2103.0,0.0,2.0,1000.0,6.666666666666667,1.0,0.0,1.0
2023-12-03,1.0,160.0,2103.0,0.0,2.0,1000.0,6.666666666666667,1.0,0.0,1.0
2023-12-04,1.0,160.0,2103.0,0.0,2.0,1000.0,6.666666666666667,1.0,0.0,1.0
2023-12-05,1.0,160.0,2103.0,0.0,2.0,1000.0,6.666666666666667,1.0,0.0,1.0
2023-12-06,1.0,160.0,2103.0,0.0,2.0,1000.0,6.666666666666667,1.0,0.0,1.0
2023-12-07,1.0,160.0,2103.0,0.0,2.0,1000.0,6.666666666666667,1.0,0.0,1.0
2023-12-08,1.0,160.0,2103.0,0.0,2.0,1000.0,6.666666666666667,1.0,0.0,1.0
2023-12-09,1.0,160.0,2103.0,0.0,2.0,1000.0,6.666666666666667,1.0,0.0,1.0
2023-12-10,1.0,160.0,2103.0,0.0,2.0,1000.0,6.666666666666667,1.0,0.0,1.0
2023-12-11,1.0,160.0,2103.0,0.0,2.0,1000.0,6.666666666666667,1.0,0.0,1.0
2023-12-12,1.0,160.0,2103.0,0.0,2.0,1000.0,6.666666666666667,1.0,0.0,1.0
2023-12-13,1.0,160.0,2103.0,0.0,2.0,1000.0,6.666666666666667,1.0,0.0,1.0
2023-12-14,1.0,160.0,2103.0,0.0,2.0,1000.0,6.666666666666667,1.0,0.0,1.0
2023-12-15,1.0,160.0,2103.0,0.0,2.0,1000.0,6.666666666666667,1.0,0.0,1.0
2023-12-16,1.0,160.0,2103.0,0.0,2.0,1000.0,6.666666666666667,1.0,0.0,1.0
2023-12-17,1.0,160.0,2103.0,0.0,2.0,1000.0,6.666666666666667,1.0,0.0,1.0
2023-12-18,1.0,160.0,2103.0,0.0,2.0,1000.0,6.666666666666667,1.0,0.0,1.0
2023-12-19,1.0,160.0,2103.0,0.0,2.0,1000.0,6.666666666666667,1.0,0.0,1.0
2023-12-20,1.0,160.0,2103.0,0.0,2.0,1000.0,6.666666666666667,1.0,0.0,1.0
2023-12-21,1.0,160.0,2103.0,0.0,2.0,1000.0,6.666666666666667,1.0,0.0,1.0
2023-12-22,1.0,160.0,2103.0,0.0,2.0,1000.0,6.666666666666667,1.0,0.0,1.0
2023-12-23,1.0,160.0,2103.0,0.0,2.0,1000.0,6.666666666666667,1.0,0.0,1.0
2023-12-24,1.0,160.0,2103.0,0.0,2.0,1000.0,6.666666666666667,1.0,0.0,1.0
2023-12-25,1.0,160.0,2103.0,0.0,2.0,1000.0,6.666666666666667,1.0,0.0,1.0
2023-12-26,1.0,160.0,2103.0,0.0,2.0,1000.0,6.666666666666667,1.0,0.0,1.0
2023-12-27,1.0,160.0,2103.0,0.0,2.0,1000.0,6.666666666666667,1.0,0.0,1.0
2023-12-28,1.0,160.0,2103.0,0.0,2.0,1000.0,6.666666666666667,1.0,0.0,1.0
2023-12-29,1.0,160.0,2103.0,0.0,2.0,1000.0,6.666666666666667,1.0,0.0,1.0
2023-12-30,1.0,160.0,2103.0,0.0,2.0,1000.0,6.666666666666667,1.0,0.0,1.0
2023-12-31,1.0,160.0,2103.0,0.0,2.0,1000.0,6.666666666666667,1.0,0.0,1.0
2024-01-01,1.0,160.0,2103.0,0.0,2.0,1000.0,6.666666666666667,1.0,0.0,1.0
2024-01-02,1.0,160.0,2103.0,0.0,2.0,1000.0,6.666666666666667,1.0,0.0,1.0
2024-01-03,1.0,160.0,2103.0,0.0,2.0,1000.0,6.666666666666667,1.0,0.0,1.0
2024-01-04,1.0,160.0,2103.0,0.0,2.0,1000.0,6.666666666666667,1.0,0.0,1.0
2024-01-05,1.0,160.0,2103.0,0.0,2.0,1000.0,6.666666666666667,1.0,0.0,1.0
2024-01-06,1.0,160.0,2103.0,0.0,2.0,1000.0,6.666666666666667,1.0,0.0,1.0
2024-01-07,1.0,160.0,2103.0,0.0,2.0,1000.0,6.666666666666667,1.0,0.0,1.0
2024-01-08,1.0,160.0,2103.0,0.0,2.0,1000.0,6.666666666666667,1.0,0.0,1.0
2024-01-09,1.0,160.0,2103.0,0.0,2.0,1000.0,6.666666666666667,1.0,0.0,1.0
2024-01-10,1.0,160.0,2103.0,0.0,2.0,1000.0,6.666666666666667,1.0,-35000.0,1.0
2024-01-11,1.0,160.0,2103.0,0.0,2.0,1000.0,6.666666666666667,1.0,-35000.0,1.0
2024-01-12,1.0,160.0,2103.0,0.0,2.0,1000.0,6.666666666666667,1.0,-35000.0,1.0
2024-01-13,1.0,160.0,2103.0,0.0,2.0,1000.0,6.666666666666667,1.0,-35000.0,1.0
2024-01-14,1.0,160.0,2103.0,0.0,2.0,1000.0,6.666666666666667,1.0,-35000.0,1.0
2024-01-15,1.0,160.0,2103.0,0.0,2.0,1000.0,6.666666666666667,1.0,-35000.0,1.0
2024-01-16,1.0,160.0,2103.0,0.0,2.0,1000.0,6.666666666666667,1.0,-35000.0,1.0
2024-01-17,1.0,160.0,2103.0,0.0,2.0,1000.0,6.666666666666667,1.0,-35000.0,1.0
2024-01-18,2.0,114.5,1866.0,0.0,2.0,1000.0,6.666666666666667,1.0,-35000.0,1.0
2024-01-19,2.0,114.5,1866.0,0.0,2.0,1000.0,6.666666666666667,1.0,-35000.0,1.0
2024-01-20,1.0,118.0,2023.0,0.0,2.0,1000.0,6.666666666666667,1.0,-35000.0,1.0
2024-01-21,1.0,118.0,2023.0,0.0,2.0,1000.0,6.666666666666667,1.0,-35000.0,1.0
2024-01-22,1.0,118.0,2023.0,0.0,2.0,1000.0,6.666666666666667,1.0,-35000.0,1.0
2024-01-23,1.0,118.0,2023.0,0.0,2.0,1000.0,6.666666666666667,1.0,-35000.0,1.0
2024-01-24,1.0,118.0,2023.0,0.0,2.0,1000.0,6.666666666666667,1.0,-35000.0,1.0
2024-01-25,1.0,118.0,2023.0,1.0,2.0,1000.0,6.666666666666667,1.0,-35000.0,1.0
2024-01-26,2.0,88.0,2101.0,0.0,2.0,1000.0,6.666666666666667,1.0,-35000.0,1.0
2024-01-27,2.0,88.0,2101.0,0.0,2.0,1000.0,6.666666666666667,1.0,-35000.0,1.0
2024-01-28,2.0,88.0,2101.0,0.0,2.0,1000.0,6.666666666666667,1.0,-35000.0,1.0
2024-01-29,2.0,88.0,2101.0,1.0,2.0,1000.0,6.666666666666667,1.0,-35000.0,1.0
2024-01-30,1.0,29.0,1562.0,0.0,2.0,1000.0,6.666666666666667,1.0,-35000.0,1.0
2024-01-31,1.0,29.0,1562.0,1.0,2.0,1000.0,6.666666666666667,1.0,-35000.0,1.0
2024-02-01,1.0,80.0,1873.0,0.0,2.0,1000.0,6.666666666666667,1.0,-35000.0,1.0
2024-02-02,1.0,80.0,1873.0,1.0,2.0,1000.0,6.666666666666667,1.0,-35000.0,1.0
2024-02-03,1.0,63.0,2105.0,0.0,2.0,1000.0,6.666666666666667,1.0,-100000.0,1.0
2024-02-04,1.0,63.0,2105.0,0.0,2.0,1000.0,6.666666666666667,1.0,-100000.0,1.0
2024-02-05,1.0,63.0,2105.0,0.0,2.0,1000.0,6.666666666666667,1.0,-100000.0,1.0
2024-02-06,1.0,63.0,2105.0,0.0,2.0,1000.0,6.666666666666667,1.0,-100000.0,1.0
2024-02-07,1.0,63.0,2105.0,0.0,2.0,1000.0,6.666666666666667,1.0,-100000.0,1.0
2024-02-08,1.0,63.0,2105.0,0.0,2.0,1000.0,6.666666666666667,1.0,-100000.0,1.0
2024-02-09,1.0,63.0,2105.0,0.0,2.0,1000.0,6.666666666666667,1.0,-100000.0,1.0
2024-02-10,1.0,63.0,2105.0,0.0,2.0,1000.0,6.666666666666667,1.0,-100000.0,1.0
2024-02-11,1.0,63.0,2105.0,0.0,2.0,1000.0,6.666666666666667,1.0,-100000.0,1.0
2024-02-12,1.0,63.0,2105.0,0.0,2.0,1000.0,6.666666666666667,1.0,-100000.0,1.0
2024-02-13,1.0,63.0,2105.0,0.0,2.0,1000.0,6.666666666666667,1.0,-100000.0,1.0
2024-02-14,1.0,63.0,2105.0,0.0,2.0,1000.0,6.666666666666667,1.0,-100000.0,1.0
2024-02-15,1.0,63.0,2105.0,1.0,2.0,1000.0,6.666666666666667,1.0,-100000.0,1.0
2024-02-16,1.0,101.0,1666.0,1.0,2.0,1000.0,6.666666666666667,1.0,-100000.0,1.0
2024-02-17,1.0,102.0,1734.0,0.0,2.0,1000.0,6.666666666666667,1.0,-100000.0,1.0
2024-02-18,1.0,102.0,1734.0,0.0,2.0,1000.0,6.666666666666667,1.0,-100000.0,1.0
2024-02-19,1.0,102.0,1734.0,0.0,2.0,1000.0,6.666666666666667,1.0,-100000.0,1.0
2024-02-20,1.0,102.0,1734.0,0.0,2.0,1000.0,6.666666666666667,1.0,-100000.0,1.0
2024-02-21,1.0,102.0,1734.0,0.0,2.0,1000.0,6.666666666666667,1.0,-100000.0,1.0
2024-02-22,1.0,102.0,1734.0,0.0,2.0,1000.0,6.666666666666667,1.0,-100000.0,1.0
2024-02-23,1.0,102.0,1734.0,0.0,2.0,1000.0,6.666666666666667,1.0,-100000.0,1.0
2024-02-24,1.0,102.0,1734.0,0.0,2.0,1000.0,6.666666666666667,1.0,-100000.0,1.0
2024-02-25,1.0,102.0,1734.0,0.0,2.0,1000.0,6.666666666666667,1.0,-100000.0,1.0
2024-02-26,1.0,102.0,1734.0,0.0,2.0,1000.0,6.666666666666667,1.0,-100000.0,1.0
2024-02-27,1.0,102.0,1734.0,0.0,2.0,1000.0,6.666666666666667,1.0,-100000.0,1.0
2024-02-28,1.0,102.0,1734.0,1.0,2.0,1000.0,6.666666666666667,1.0,-100000.0,1.0
2024-02-29,2.0,101.0,1584.0,1.0,2.0,1000.0,6.666666666666667,1.0,-100000.0,1.0
2024-03-01,1.0,111.0,1693.0,1.0,2.0,1000.0,6.666666666666667,1.0,-100000.0,1.0
2024-03-02,1.0,125.0,2154.0,0.0,2.0,1000.0,6.666666666666667,1.0,-100000.0,1.0
2024-03-03,1.0,125.0,2154.0,0.0,2.0,1000.0,6.666666666666667,1.0,-100000.0,1.0
2024-03-04,1.0,125.0,2154.0,1.0,2.0,1000.0,6.666666666666667,1.0,-100000.0,1.0
2024-03-05,1.0,122.0,1930.0,0.0,2.0,1000.0,6.666666666666667,1.0,-100000.0,1.0
2024-03-06,1.0,122.0,1930.0,0.0,2.0,1000.0,6.666666666666667,1.0,-100000.0,1.0
2024-03-07,1.0,122.0,1930.0,0.0,2.0,1000.0,6.666666666666667,1.0,-100000.0,1.0
2024-03-08,1.0,75.0,2159.0,0.0,2.0,1000.0,6.666666666666667,1.0,-100000.0,1.0
2024-03-09,1.0,75.0,2159.0,0.0,2.0,1000.0,6.666666666666667,1.0,-100000.0,1.0
2024-03-10,1.0,75.0,2159.0,0.0,2.0,1000.0,6.666666666666667,1.0,-100000.0,1.0
2024-03-11,1.0,75.0,2159.0,0.0,2.0,1000.0,6.666666666666667,1.0,-100000.0,1.0
2024-03-12,1.0,75.0,2159.0,0.0,2.0,1000.0,6.666666666666667,1.0,-60000.0,1.0
2024-03-13,1.0,75.0,2159.0,1.0,2.0,1000.0,6.666666666666667,1.0,-60000.0,1.0
2024-03-14,3.0,99.66666666666667,1944.0,1.0,2.0,1000.0,6.666666666666667,1.0,-60000.0,1.0
2024-03-15,1.0,74.0,1700.0,0.0,2.0,1000.0,6.666666666666667,1.0,-60000.0,1.0
2024-03-16,1.0,74.0,1700.0,0.0,2.0,1000.0,6.666666666666667,1.0,-60000.0,1.0
2024-03-17,1.0,74.0,1700.0,0.0,2.0,1000.0,6.666666666666667,1.0,-60000.0,1.0
2024-03-18,1.0,74.0,1700.0,0.0,2.0,1000.0,6.666666666666667,1.0,-60000.0,1.0
2024-03-19,1.0,74.0,1700.0,0.0,2.0,1000.0,6.666666666666667,1.0,-60000.0,1.0
2024-03-20,2.0,80.5,1992.5,0.0,2.0,1000.0,6.666666666666667,1.0,-60000.0,1.0
2024-03-21,2.0,80.5,1992.5,1.0,2.0,1000.0,6.666666666666667,1.0,-60000.0,1.0
2024-03-22,1.0,92.0,2017.0,1.0,2.0,1000.0,6.666666666666667,1.0,-60000.0,1.0
2024-03-23,1.0,127.0,1958.0,0.0,2.0,1000.0,6.666666666666667,1.0,-60000.0,1.0
2024-03-24,1.0,127.0,1958.0,0.0,2.0,1000.0,6.666666666666667,1.0,-60000.0,1.0
2024-03-25,1.0,127.0,1958.0,0.0,2.0,1000.0,6.666666666666667,1.0,-60000.0,1.0
2024-03-26,1.0,127.0,1958.0,0.0,2.0,1000.0,6.666666666666667,1.0,-60000.0,1.0
2024-03-27,1.0,127.0,1958.0,0.0,2.0,1000.0,6.666666666666667,1.0,-60000.0,1.0
2024-03-28,1.0,127.0,1958.0,1.0,2.0,1000.0,6.666666666666667,1.0,-60000.0,1.0
2024-03-29,1.0,131.0,1265.0,1.0,2.0,1000.0,6.666666666666667,1.0,-60000.0,1.0
2024-03-30,1.0,167.0,1696.0,0.0,2.0,1000.0,6.666666666666667,1.0,-60000.0,1.0
2024-03-31,1.0,167.0,1696.0,0.0,2.0,1000.0,6.666666666666667,1.0,-60000.0,1.0
2024-04-01,1.0,167.0,1696.0,0.0,2.0,1000.0,6.666666666666667,1.0,-60000.0,1.0
2024-04-02,1.0,167.0,1696.0,0.0,2.0,1000.0,6.666666666666667,1.0,-60000.0,1.0
2024-04-03,1.0,167.0,1696.0,0.0,2.0,1000.0,6.666666666666667,1.0,-60000.0,1.0
2024-04-04,1.0,167.0,1696.0,0.0,2.0,1000.0,6.666666666666667,1.0,-60000.0,1.0
2024-04-05,1.0,167.0,1696.0,0.0,2.0,1000.0,6.666666666666667,1.0,-60000.0,1.0
2024-04-06,1.0,167.0,1696.0,0.0,2.0,1000.0,6.666666666666667,1.0,-60000.0,1.0
2024-04-07,1.0,167.0,1696.0,0.0,2.0,1000.0,6.666666666666667,1.0,-60000.0,1.0
2024-04-08,1.0,167.0,1696.0,0.0,2.0,1000.0,6.666666666666667,1.0,-60000.0,1.0
2024-04-09,1.0,167.0,1696.0,0.0,2.0,1000.0,6.666666666666667,1.0,-60000.0,1.0
2024-04-10,1.0,167.0,1696.0,0.0,2.0,1000.0,6.666666666666667,1.0,-60000.0,1.0
2024-04-11,1.0,167.0,1696.0,0.0,2.0,1000.0,6.666666666666667,1.0,-60000.0,1.0
2024-04-12,1.0,167.0,1696.0,0.0,2.0,1000.0,6.666666666666667,1.0,-60000.0,1.0
2024-04-13,1.0,167.0,1696.0,0.0,2.0,1000.0,6.666666666666667,1.0,-60000.0,1.0
2024-04-14,1.0,167.0,1696.0,0.0,2.0,1000.0,6.666666666666667,1.0,-60000.0,1.0
2024-04-15,1.0,167.0,1696.0,0.0,2.0,1000.0,6.666666666666667,1.0,-60000.0,1.0
2024-04-16,1.0,167.0,1696.0,0.0,2.0,1000.0,6.666666666666667,1.0,-60000.0,1.0
2024-04-17,1.0,167.0,1696.0,0.0,2.0,1000.0,6.666666666666667,1.0,-60000.0,1.0
2024-04-18,1.0,129.0,2060.0,1.0,2.0,1000.0,6.666666666666667,1.0,-60000.0,1.0
2024-04-19,1.0,99.0,1795.0,0.0,2.0,1000.0,6.666666666666667,1.0,-60000.0,1.0
2024-04-20,1.0,99.0,1795.0,0.0,2.0,1000.0,6.666666666666667,1.0,-60000.0,1.0
2024-04-21,1.0,99.0,1795.0,0.0,2.0,1000.0,6.666666666666667,1.0,-60000.0,1.0
2024-04-22,1.0,99.0,1795.0,1.0,2.0,1000.0,6.666666666666667,1.0,-60000.0,1.0
2024-04-23,1.0,88.0,1778.0,0.0,2.0,1000.0,6.666666666666667,1.0,-60000.0,1.0
2024-04-24,1.0,88.0,1778.0,1.0,2.0,1000.0,6.666666666666667,1.0,-60000.0,1.0
2024-04-25,2.0,90.0,1952.5,1.0,2.0,1000.0,6.666666666666667,1.0,-60000.0,1.0
2024-04-26,1.0,126.0,1736.0,0.0,2.0,1000.0,6.666666666666667,1.0,-60000.0,1.0
2024-04-27,1.0,126.0,1736.0,0.0,2.0,1000.0,6.666666666666667,1.0,-60000.0,1.0
2024-04-28,1.0,126.0,1736.0,0.0,2.0,1000.0,6.666666666666667,1.0,-60000.0,1.0
2024-04-29,1.0,126.0,1736.0,0.0,2.0,1000.0,6.666666666666667,1.0,-60000.0,1.0
2024-04-30,1.0,126.0,1736.0,0.0,2.0,1000.0,6.666666666666667,1.0,-60000.0,1.0
2024-05-01,1.0,126.0,1736.0,0.0,2.0,1000.0,6.666666666666667,1.0,-60000.0,1.0
2024-05-02,1.0,126.0,1736.0,0.0,2.0,1000.0,6.666666666666667,1.0,-60000.0,1.0
2024-05-03,1.0,126.0,1736.0,0.0,2.0,1000.0,6.666666666666667,1.0,-60000.0,1.0
2024-05-04,1.0,126.0,1736.0,0.0,2.0,1000.0,6.666666666666667,1.0,-60000.0,1.0
2024-05-05,1.0,126.0,1736.0,0.0,2.0,1000.0,6.666666666666667,1.0,-60000.0,1.0
2024-05-06,1.0,126.0,1736.0,0.0,2.0,1000.0,6.666666666666667,1.0,-60000.0,1.0
2024-05-07,1.0,126.0,1736.0,0.0,2.0,1000.0,6.666666666666667,1.0,-60000.0,1.0
2024-05-08,1.0,126.0,1736.0,1.0,2.0,1000.0,6.666666666666667,1.0,-60000.0,1.0
2024-05-09,2.0,84.5,1923.5,1.0,2.0,1000.0,6.666666666666667,1.0,-60000.0,1.0
2024-05-10,1.0,125.0,2427.0,0.0,2.0,1000.0,6.666666666666667,1.0,-60000.0,1.0
2024-05-11,1.0,116.0,1593.0,0.0,2.0,1000.0,6.666666666666667,1.0,-60000.0,1.0
2024-05-12,1.0,116.0,1593.0,0.0,2.0,1000.0,6.666666666666667,1.0,-60000.0,1.0
2024-05-13,1.0,116.0,1593.0,0.0,2.0,1000.0,6.666666666666667,1.0,-60000.0,1.0
2024-05-14,1.0,116.0,1593.0,0.0,2.0,1000.0,6.666666666666667,1.0,-60000.0,1.0
2024-05-15,1.0,116.0,1593.0,0.0,2.0,1000.0,6.666666666666667,1.0,-60000.0,1.0
2024-05-16,1.0,116.0,1593.0,0.0,2.0,1000.0,6.666666666666667,1.0,-60000.0,1.0
2024-05-17,1.0,116.0,1593.0,0.0,2.0,1000.0,6.666666666666667,1.0,-60000.0,1.0
2024-05-18,1.0,99.0,1545.0,0.0,2.0,1000.0,6.666666666666667,1.0,-60000.0,1.0
2024-05-19,1.0,99.0,1545.0,-1.0,2.0,1000.0,6.666666666666667,1.0,-60000.0,1.0
2024-05-20,2.0,96.5,1757.5,0.0,2.0,1000.0,6.666666666666667,1.0,-60000.0,1.0
2024-05-21,2.0,96.5,1757.5,1.0,2.0,1000.0,6.666666666666667,1.0,-60000.0,1.0
2024-05-22,1.0,67.0,1531.0,0.0,2.0,1000.0,6.666666666666667,1.0,-60000.0,1.0
2024-05-23,1.0,67.0,1531.0,0.0,2.0,1000.0,6.666666666666667,1.0,-60000.0,1.0
2024-05-24,2.0,80.0,1927.0,1.0,2.0,1000.0,6.666666666666667,1.0,-60000.0,1.0
2024-05-25,1.0,143.0,2344.0,0.0,2.0,1000.0,6.666666666666667,1.0,-60000.0,1.0
2024-05-26,1.0,143.0,2344.0,0.0,2.0,1000.0,6.666666666666667,1.0,-60000.0,1.0
2024-05-27,1.0,143.0,2344.0,1.0,2.0,1000.0,6.666666666666667,1.0,-60000.0,1.0
2024-05-28,1.0,95.0,1743.0,1.0,2.0,1000.0,6.666666666666667,1.0,-60000.0,1.0
2024-05-29,2.0,101.5,1960.5,1.0,2.0,1000.0,6.666666666666667,1.0,-60000.0,1.0
2024-05-30,1.0,158.0,2530.0,1.0,2.0,1000.0,6.666666666666667,1.0,-60000.0,1.0
2024-05-31,3.0,89.66666666666667,1704.0,0.0,2.0,1000.0,6.666666666666667,1.0,-60000.0,1.0
2024-06-01,3.0,89.66666666666667,1704.0,0.0,2.0,1000.0,6.666666666666667,1.0,-60000.0,1.0
2024-06-02,3.0,89.66666666666667,1704.0,0.0,2.0,1000.0,6.666666666666667,1.0,-60000.0,1.0
2024-06-03,3.0,89.66666666666667,1704.0,0.0,2.0,1000.0,6.666666666666667,1.0,-60000.0,1.0
2024-06-04,3.0,89.66666666666667,1704.0,1.0,2.0,1000.0,6.666666666666667,1.0,-60000.0,1.0
2024-06-05,1.0,161.0,2276.0,1.0,2.0,1000.0,6.666666666666667,1.0,-60000.0,1.0
2024-06-06,1.0,118.0,1651.0,1.0,2.0,1000.0,6.666666666666667,1.0,-60000.0,1.0
2024-06-07,1.0,124.0,1322.0,0.0,2.0,1000.0,6.666666666666667,1.0,-60000.0,1.0
2024-06-08,2.0,133.5,1798.5,0.0,2.0,1000.0,6.666666666666667,1.0,-60000.0,1.0
2024-06-09,2.0,133.5,1798.5,1.0,2.0,1000.0,6.666666666666667,1.0,-60000.0,1.0
2024-06-10,2.0,73.0,1963.5,1.0,2.0,1000.0,6.666666666666667,1.0,-60000.0,1.0
2024-06-11,3.0,122.66666666666667,1535.6666666666667,1.0,2.0,1000.0,6.666666666666667,1.0,-60000.0,1.0
2024-06-12,3.0,87.0,1743.6666666666667,0.0,2.0,1000.0,6.666666666666667,1.0,-60000.0,1.0
2024-06-13,1.0,105.0,2211.0,1.0,1.0,1000.0,0.0,1.0,-60000.0,1.0
2024-06-14,2.0,110.0,2090.0,0.0,1.0,1000.0,0.0,1.0,-60000.0,1.0
2024-06-15,2.0,110.0,2090.0,0.0,1.0,1000.0,0.0,1.0,-60000.0,1.0
2024-06-16,2.0,110.0,2090.0,0.0,1.0,1000.0,0.0,1.0,-60000.0,1.0
2024-06-17,2.0,110.0,2090.0,0.0,1.0,1000.0,0.0,1.0,-60000.0,1.0
2024-06-18,2.0,110.0,2090.0,1.0,1.0,1000.0,0.0,1.0,-60000.0,1.0
2024-06-19,1.0,134.0,1906.0,1.0,1.0,1000.0,0.0,1.0,-60000.0,1.0
2024-06-20,1.0,95.0,1963.0,0.0,1.0,1000.0,0.0,1.0,-60000.0,1.0
2024-06-21,1.0,95.0,1963.0,1.0,1.0,1000.0,0.0,1.0,-60000.0,1.0
2024-06-22,1.0,136.0,2028.0,0.0,1.0,1000.0,0.0,1.0,-60000.0,1.0
2024-06-23,1.0,136.0,2028.0,0.0,1.0,1000.0,0.0,1.0,-60000.0,1.0
2024-06-24,1.0,136.0,2028.0,0.0,1.0,1000.0,0.0,1.0,-60000.0,1.0
2024-06-25,2.0,110.0,1511.0,0.0,1.0,1000.0,0.0,1.0,-60000.0,1.0
2024-06-26,2.0,110.0,1511.0,-1.0,1.0,1000.0,0.0,1.0,-60000.0,1.0
2024-06-27,1.0,134.0,2513.0,0.0,1.0,1000.0,0.0,1.0,-60000.0,1.0
2024-06-28,1.0,134.0,2513.0,0.0,1.0,1000.0,0.0,1.0,-60000.0,1.0
2024-06-29,1.0,134.0,2513.0,0.0,1.0,1000.0,0.0,1.0,-60000.0,1.0
2024-06-30,1.0,134.0,2513.0,0.0,1.0,1000.0,0.0,1.0,-60000.0,1.0
2024-07-01,1.0,134.0,2513.0,0.0,1.0,1000.0,0.0,1.0,-60000.0,1.0
2024-07-02,1.0,134.0,2513.0,0.0,1.0,1000.0,0.0,1.0,-60000.0,1.0
2024-07-03,1.0,86.0,1651.0,-1.0,1.0,1000.0,0.0,1.0,-60000.0,1.0
2024-07-04,1.0,83.0,1878.0,1.0,1.0,1000.0,0.0,1.0,-60000.0,1.0
2024-07-05,1.0,60.0,2162.0,0.0,1.0,1000.0,0.0,1.0,-60000.0,1.0
2024-07-06,1.0,60.0,2162.0,0.0,1.0,1000.0,0.0,1.0,-60000.0,1.0
2024-07-07,1.0,60.0,2162.0,0.0,1.0,1000.0,0.0,1.0,-60000.0,1.0
2024-07-08,1.0,60.0,2162.0,1.0,1.0,1000.0,0.0,1.0,-60000.0,1.0
2024-07-09,1.0,81.0,1464.0,-1.0,1.0,1000.0,0.0,1.0,-60000.0,1.0
2024-07-10,1.0,70.0,1214.0,-1.0,1.0,1000.0,0.0,1.0,-60000.0,1.0
2024-07-11,1.0,77.0,1668.0,0.0,1.0,1000.0,0.0,1.0,-60000.0,1.0
2024-07-12,1.0,77.0,1668.0,0.0,1.0,1000.0,0.0,1.0,-60000.0,1.0
2024-07-13,1.0,77.0,1668.0,0.0,1.0,1000.0,0.0,1.0,-60000.0,1.0
2024-07-14,1.0,77.0,1668.0,0.0,1.0,1000.0,0.0,1.0,-60000.0,1.0
2024-07-15,1.0,77.0,1668.0,0.0,1.0,1000.0,0.0,1.0,-60000.0,1.0
2024-07-16,1.0,77.0,1668.0,0.0,1.0,1000.0,0.0,1.0,-60000.0,1.0
2024-07-17,1.0,79.0,1954.0,0.0,1.0,1000.0,0.0,1.0,-60000.0,1.0
2024-07-18,1.0,79.0,1954.0,1.0,1.0,1000.0,0.0,1.0,-60000.0,1.0
2024-07-19,1.0,76.0,2082.0,0.0,1.0,1000.0,0.0,1.0,-60000.0,1.0
2024-07-20,1.0,112.0,1946.0,0.0,1.0,1000.0,0.0,1.0,-60000.0,1.0
2024-07-21,1.0,112.0,1946.0,0.0,1.0,1000.0,0.0,1.0,-60000.0,1.0
2024-07-22,1.0,112.0,1946.0,1.0,1.0,1000.0,0.0,1.0,-60000.0,1.0
2024-07-23,1.0,68.0,1381.0,0.0,1.0,1000.0,0.0,1.0,-60000.0,1.0
2024-07-24,1.0,68.0,1381.0,-1.0,1.0,1000.0,0.0,1.0,-60000.0,1.0
2024-07-25,1.0,89.0,1656.0,0.0,1.0,1000.0,0.0,1.0,-60000.0,1.0
2024-07-26,1.0,89.0,1656.0,0.0,1.0,1000.0,0.0,1.0,-60000.0,1.0
2024-07-27,1.0,89.0,1656.0,0.0,1.0,1000.0,0.0,1.0,-60000.0,1.0
2024-07-28,1.0,89.0,1656.0,0.0,1.0,1000.0,0.0,1.0,-60000.0,1.0
2024-07-29,1.0,89.0,1656.0,1.0,1.0,1000.0,0.0,1.0,-60000.0,1.0
2024-07-30,1.0,73.0,2282.0,0.0,1.0,1000.0,0.0,1.0,-60000.0,1.0
2024-07-31,1.0,73.0,2282.0,0.0,1.0,1000.0,0.0,1.0,-60000.0,1.0
2024-08-01,1.0,146.0,1832.0,0.0,1.0,1000.0,0.0,1.0,-60000.0,1.0
2024-08-02,1.0,89.0,1881.0,0.0,1.0,1000.0,0.0,1.0,-60000.0,1.0
2024-08-03,1.0,89.0,1881.0,0.0,1.0,1000.0,0.0,1.0,-60000.0,1.0
2024-08-04,1.0,89.0,1881.0,0.0,1.0,1000.0,0.0,1.0,-60000.0,1.0
2024-08-05,1.0,89.0,1881.0,0.0,1.0,1000.0,0.0,1.0,-60000.0,1.0
2024-08-06,1.0,89.0,1881.0,0.0,1.0,1000.0,0.0,1.0,-60000.0,1.0
2024-08-07,1.0,89.0,1881.0,0.0,1.0,1000.0,0.0,1.0,-60000.0,1.0
2024-08-08,1.0,89.0,1881.0,1.0,1.0,1000.0,0.0,1.0,-60000.0,1.0
2024-08-09,1.0,72.0,2004.0,1.0,1.0,1000.0,0.0,1.0,-60000.0,1.0
2024-08-10,1.0,82.0,1927.0,0.0,1.0,1000.0,0.0,1.0,-60000.0,1.0
2024-08-11,1.0,82.0,1927.0,0.0,1.0,1000.0,0.0,1.0,-60000.0,1.0
2024-08-12,1.0,82.0,1927.0,0.0,1.0,1000.0,0.0,1.0,-60000.0,1.0
2024-08-13,1.0,82.0,1927.0,0.0,1.0,1000.0,0.0,1.0,-60000.0,1.0
2024-08-14,1.0,82.0,1927.0,0.0,1.0,1000.0,0.0,1.0,-60000.0,1.0
2024-08-15,1.0,82.0,1927.0,1.0,1.0,1000.0,0.0,1.0,-60000.0,1.0
2024-08-16,1.0,42.0,1795.0,0.0,1.0,1000.0,0.0,1.0,-60000.0,1.0
2024-08-17,1.0,42.0,1795.0,0.0,1.0,1000.0,0.0,1.0,-60000.0,1.0
2024-08-18,1.0,42.0,1795.0,0.0,1.0,1000.0,0.0,1.0,-60000.0,1.0
2024-08-19,1.0,42.0,1795.0,0.0,1.0,1000.0,0.0,1.0,-60000.0,1.0
2024-08-20,1.0,42.0,1795.0,0.0,1.0,1000.0,0.0,1.0,-60000.0,1.0
2024-08-21,1.0,42.0,1795.0,1.0,1.0,1000.0,0.0,1.0,-60000.0,1.0
2024-08-22,1.0,111.0,2227.0,0.0,1.0,1000.0,0.0,1.0,-60000.0,1.0
2024-08-23,1.0,111.0,2227.0,1.0,1.0,1000.0,0.0,1.0,-60000.0,1.0
2024-08-24,1.0,104.0,1760.0,0.0,1.0,1000.0,0.0,1.0,-60000.0,1.0
2024-08-25,1.0,104.0,1760.0,0.0,1.0,1000.0,0.0,1.0,-60000.0,1.0
2024-08-26,1.0,104.0,1760.0,0.0,1.0,1000.0,0.0,1.0,-60000.0,1.0
2024-08-27,1.0,124.0,1530.0,0.0,1.0,1000.0,0.0,1.0,-60000.0,1.0
2024-08-28,1.0,124.0,1530.0,0.0,1.0,1000.0,0.0,1.0,-60000.0,1.0
2024-08-29,1.0,124.0,1530.0,0.0,1.0,1000.0,0.0,1.0,-60000.0,1.0
2024-08-30,1.0,124.0,1530.0,0.0,1.0,1000.0,0.0,1.0,-60000.0,1.0
2024-08-31,1.0,124.0,1530.0,0.0,1.0,1000.0,0.0,1.0,-60000.0,1.0
2024-09-01,1.0,106.0,2060.0,0.0,1.0,1000.0,0.0,1.0,-60000.0,1.0
2024-09-02,1.0,114.0,1717.0,0.0,1.0,1000.0,0.0,1.0,-60000.0,1.0
2024-09-03,1.0,114.0,1717.0,0.0,1.0,1000.0,0.0,1.0,-60000.0,1.0
2024-09-04,1.0,114.0,1717.0,0.0,1.0,1000.0,0.0,1.0,-60000.0,1.0
2024-09-05,1.0,114.0,1717.0,0.0,1.0,1000.0,0.0,1.0,-60000.0,1.0
2024-09-06,1.0,114.0,1717.0,0.0,1.0,1000.0,0.0,1.0,-60000.0,1.0
2024-09-07,1.0,70.0,1759.0,0.0,1.0,1000.0,0.0,1.0,-60000.0,1.0
2024-09-08,1.0,70.0,1759.0,0.0,1.0,1000.0,0.0,1.0,-60000.0,1.0
2024-09-09,1.0,70.0,1759.0,1.0,1.0,1000.0,0.0,1.0,-60000.0,1.0
2024-09-10,1.0,104.0,1574.0,0.0,1.0,1000.0,0.0,1.0,-60000.0,1.0
2024-09-11,1.0,104.0,1574.0,0.0,1.0,1000.0,0.0,1.0,-60000.0,1.0
2024-09-12,1.0,104.0,1574.0,0.0,1.0,1000.0,0.0,1.0,-60000.0,1.0
2024-09-13,1.0,104.0,1574.0,0.0,1.0,1000.0,0.0,1.0,-60000.0,1.0
2024-09-14,1.0,104.0,1574.0,0.0,1.0,1000.0,0.0,1.0,-60000.0,1.0
2024-09-15,1.0,104.0,1574.0,0.0,1.0,1000.0,0.0,1.0,-60000.0,1.0
2024-09-16,1.0,104.0,1574.0,1.0,1.0,1000.0,0.0,1.0,-60000.0,1.0
2024-09-17,2.0,73.5,1938.5,1.0,1.0,1000.0,0.0,1.0,-60000.0,1.0
2024-09-18,1.0,28.0,1114.0,0.0,1.0,1000.0,0.0,1.0,-60000.0,1.0
2024-09-19,1.0,28.0,1114.0,0.0,1.0,1000.0,0.0,1.0,-60000.0,1.0
2024-09-20,1.0,28.0,1114.0,0.0,1.0,1000.0,0.0,1.0,-60000.0,1.0
2024-09-21,1.0,28.0,1114.0,0.0,1.0,1000.0,0.0,1.0,-60000.0,1.0
2024-09-22,1.0,28.0,1114.0,0.0,1.0,1000.0,0.0,1.0,-60000.0,1.0
2024-09-23,1.0,28.0,1114.0,0.0,1.0,1000.0,0.0,1.0,-60000.0,1.0
2024-09-24,1.0,28.0,1114.0,0.0,1.0,1000.0,0.0,1.0,-60000.0,1.0
2024-09-25,1.0,28.0,1114.0,1.0,1.0,1000.0,0.0,1.0,-60000.0,1.0
2024-09-26,1.0,65.0,1726.0,0.0,1.0,1000.0,0.0,1.0,-60000.0,1.0
2024-09-27,1.0,65.0,1726.0,0.0,1.0,1000.0,0.0,1.0,-60000.0,1.0
2024-09-28,1.0,65.0,1726.0,0.0,1.0,1000.0,0.0,1.0,-60000.0,1.0
2024-09-29,1.0,65.0,1726.0,0.0,1.0,1000.0,0.0,1.0,-60000.0,1.0
2024-09-30,1.0,65.0,1726.0,0.0,1.0,1000.0,0.0,1.0,-60000.0,1.0
2024-10-01,1.0,65.0,1726.0,1.0,1.0,1000.0,0.0,1.0,-60000.0,1.0
2024-10-02,1.0,103.0,1988.0,0.0,1.0,1000.0,0.0,1.0,-60000.0,1.0
2024-10-03,1.0,103.0,1988.0,1.0,1.0,1000.0,0.0,1.0,-60000.0,1.0
2024-10-04,1.0,183.0,1793.0,1.0,1.0,1000.0,0.0,1.0,-60000.0,1.0
2024-10-05,1.0,95.0,2003.0,0.0,1.0,1000.0,0.0,1.0,-60000.0,1.0
2024-10-06,1.0,95.0,2003.0,0.0,1.0,1000.0,0.0,1.0,-60000.0,1.0
2024-10-07,1.0,95.0,2003.0,0.0,1.0,1000.0,0.0,1.0,-60000.0,1.0
2024-10-08,1.0,95.0,2003.0,0.0,1.0,1000.0,0.0,1.0,-60000.0,1.0
2024-10-09,1.0,95.0,2003.0,0.0,1.0,1000.0,0.0,1.0,-60000.0,1.0
2024-10-10,1.0,95.0,2003.0,1.0,1.0,1000.0,0.0,1.0,-60000.0,1.0
2024-10-11,2.0,77.5,1408.5,0.0,1.0,1000.0,0.0,1.0,-60000.0,1.0
2024-10-12,2.0,77.5,1408.5,0.0,1.0,1000.0,0.0,1.0,-60000.0,1.0
2024-10-13,2.0,77.5,1408.5,0.0,1.0,1000.0,0.0,1.0,-60000.0,1.0
2024-10-14,1.0,97.0,2337.0,0.0,1.0,1000.0,0.0,1.0,-60000.0,1.0
2024-10-15,1.0,97.0,2337.0,0.0,1.0,1000.0,0.0,1.0,-60000.0,1.0
2024-10-16,1.0,97.0,2337.0,0.0,1.0,1000.0,0.0,1.0,-60000.0,1.0
2024-10-17,1.0,97.0,2337.0,0.0,1.0,1000.0,0.0,1.0,-60000.0,1.0
2024-10-18,1.0,97.0,2337.0,1.0,1.0,1000.0,0.0,1.0,-2000000.0,1.0
2024-10-19,1.0,111.0,1703.0,0.0,1.0,1000.0,0.0,1.0,-2000000.0,1.0
2024-10-20,1.0,111.0,1703.0,0.0,1.0,1000.0,0.0,1.0,-2000000.0,1.0
2024-10-21,1.0,111.0,1703.0,0.0,1.0,1000.0,0.0,1.0,-2000000.0,1.0
2024-10-22,1.0,111.0,1703.0,1.0,1.0,1000.0,0.0,1.0,-2000000.0,1.0
2024-10-23,1.0,93.0,1936.0,1.0,1.0,1000.0,0.0,1.0,-2000000.0,1.0
2024-10-24,1.0,45.0,1243.0,-1.0,1.0,1000.0,0.0,1.0,-2000000.0,1.0
2024-10-25,1.0,120.0,2090.0,0.0,1.0,1000.0,0.0,1.0,-2000000.0,1.0
2024-10-26,1.0,120.0,2090.0,0.0,1.0,1000.0,0.0,1.0,-2000000.0,1.0
2024-10-27,1.0,120.0,2090.0,0.0,1.0,1000.0,0.0,1.0,-2000000.0,1.0
2024-10-28,1.0,120.0,2090.0,0.0,1.0,1000.0,0.0,1.0,-2000000.0,1.0
2024-10-29,1.0,120.0,2090.0,-1.0,1.0,1000.0,0.0,1.0,-2000000.0,1.0
2024-10-30,2.0,104.0,1776.5,0.0,1.0,1000.0,0.0,1.0,-2000000.0,1.0
2024-10-31,2.0,104.0,1776.5,0.0,1.0,1000.0,0.0,1.0,-2000000.0,1.0
2024-11-01,2.0,104.0,1776.5,0.0,1.0,1000.0,0.0,1.0,-2000000.0,1.0
2024-11-02,2.0,104.0,1776.5,0.0,1.0,1000.0,0.0,1.0,-2000000.0,1.0
2024-11-03,2.0,104.0,1776.5,0.0,1.0,1000.0,0.0,1.0,-2000000.0,1.0
2024-11-04,2.0,104.0,1776.5,0.0,1.0,1000.0,0.0,1.0,-2000000.0,1.0
2024-11-05,2.0,104.0,1776.5,0.0,1.0,1000.0,0.0,1.0,-2000000.0,1.0
2024-11-06,2.0,104.0,1776.5,0.0,1.0,1000.0,0.0,1.0,-2000000.0,1.0
2024-11-07,2.0,104.0,1776.5,0.0,1.0,1000.0,0.0,1.0,-2000000.0,1.0
2024-11-08,2.0,104.0,1776.5,0.0,1.0,1000.0,0.0,1.0,-2000000.0,1.0
2024-11-09,2.0,104.0,1776.5,0.0,1.0,1000.0,0.0,1.0,-2000000.0,1.0
2024-11-10,2.0,104.0,1776.5,0.0,1.0,1000.0,0.0,1.0,-2000000.0,1.0
2024-11-11,2.0,104.0,1776.5,0.0,1.0,1000.0,0.0,1.0,-2000000.0,1.0
2024-11-12,2.0,104.0,1776.5,1.0,1.0,1000.0,0.0,1.0,-2000000.0,1.0
2024-11-13,1.0,83.0,2111.0,1.0,1.0,1000.0,0.0,1.0,-2000000.0,1.0
2024-11-14,2.0,121.0,1902.0,1.0,1.0,1000.0,0.0,1.0,-2000000.0,1.0
2024-11-15,1.0,116.0,1704.0,1.0,1.0,1000.0,0.0,1.0,-2000000.0,1.0
2024-11-16,1.0,122.0,1745.0,0.0,1.0,1000.0,0.0,1.0,-2000000.0,1.0
2024-11-17,1.0,122.0,1745.0,0.0,1.0,1000.0,0.0,1.0,-2000000.0,1.0
2024-11-18,1.0,122.0,1745.0,0.0,1.0,1000.0,0.0,1.0,-2000000.0,1.0
2024-11-19,1.0,122.0,1745.0,1.0,1.0,1000.0,0.0,1.0,-2000000.0,1.0
2024-11-20,1.0,84.0,1592.0,1.0,1.0,1000.0,0.0,1.0,-2000000.0,1.0
2024-11-21,1.0,65.0,1836.0,0.0,1.0,1000.0,0.0,1.0,-2000000.0,1.0
2024-11-22,1.0,65.0,1836.0,0.0,1.0,1000.0,0.0,1.0,-2000000.0,1.0
2024-11-23,1.0,65.0,1836.0,0.0,1.0,1000.0,0.0,1.0,-2000000.0,1.0
2024-11-24,1.0,65.0,1836.0,0.0,1.0,1000.0,0.0,1.0,-2000000.0,1.0
2024-11-25,1.0,65.0,1836.0,0.0,1.0,1000.0,0.0,1.0,-2000000.0,1.0
2024-11-26,1.0,65.0,1836.0,0.0,1.0,1000.0,0.0,1.0,-2000000.0,1.0
2024-11-27,1.0,65.0,1836.0,1.0,1.0,1000.0,0.0,1.0,-2000000.0,1.0
2024-11-28,2.0,66.5,1873.0,0.0,1.0,1000.0,0.0,1.0,-2000000.0,1.0
2024-11-29,2.0,66.5,1873.0,1.0,1.0,1000.0,0.0,1.0,-2000000.0,1.0
2024-11-30,1.0,89.0,1292.0,0.0,1.0,1000.0,0.0,1.0,-2000000.0,1.0
2024-12-01,1.0,89.0,1292.0,0.0,1.0,1000.0,0.0,1.0,-2000000.0,1.0
2024-12-02,1.0,82.0,2115.0,1.0,1.0,1000.0,0.0,1.0,-2000000.0,1.0
2024-12-03,2.0,106.0,2164.0,1.0,1.0,1000.0,0.0,1.0,-2000000.0,1.0
2024-12-04,1.0,60.0,1924.0,0.0,1.0,1000.0,0.0,1.0,-2000000.0,1.0
2024-12-05,1.0,60.0,1924.0,1.0,1.0,1000.0,0.0,1.0,-2000000.0,1.0
2024-12-06,2.0,93.0,1660.5,0.0,1.0,1000.0,0.0,1.0,-2000000.0,1.0
2024-12-07,2.0,93.0,1660.5,0.0,1.0,1000.0,0.0,1.0,-2000000.0,1.0
2024-12-08,2.0,93.0,1660.5,0.0,1.0,1000.0,0.0,1.0,-2000000.0,1.0
2024-12-09,2.0,93.0,1660.5,0.0,1.0,1000.0,0.0,1.0,-2000000.0,1.0
2024-12-10,2.0,93.0,1660.5,1.0,1.0,1000.0,0.0,1.0,-2000000.0,1.0
2024-12-11,1.0,104.0,2483.0,0.0,1.0,1000.0,0.0,1.0,-2000000.0,1.0
2024-12-12,1.0,104.0,2483.0,0.0,1.0,1000.0,0.0,1.0,-2000000.0,1.0
2024-12-13,1.0,104.0,2483.0,1.0,1.0,1000.0,0.0,1.0,-2000000.0,1.0
2024-12-14,1.0,90.0,2466.0,0.0,1.0,1000.0,0.0,1.0,-2000000.0,1.0
2024-12-15,1.0,90.0,2466.0,0.0,1.0,1000.0,0.0,1.0,-2000000.0,1.0
2024-12-16,1.0,90.0,2466.0,0.0,1.0,1000.0,0.0,1.0,-2000000.0,1.0
2024-12-17,1.0,104.0,2155.0,1.0,1.0,1000.0,0.0,1.0,-2000000.0,1.0
2024-12-18,2.0,105.0,1919.0,0.0,1.0,1000.0,0.0,1.0,-2000000.0,1.0
2024-12-19,2.0,105.0,1919.0,0.0,1.0,1000.0,0.0,1.0,-2000000.0,1.0
2024-12-20,2.0,105.0,1919.0,0.0,1.0,1000.0,0.0,1.0,-2000000.0,1.0
2024-12-21,2.0,105.0,1919.0,0.0,1.0,1000.0,0.0,1.0,-2000000.0,1.0
2024-12-22,2.0,105.0,1919.0,0.0,1.0,1000.0,0.0,1.0,-2000000.0,1.0
2024-12-23,2.0,105.0,1919.0,0.0,1.0,1000.0,0.0,1.0,-2000000.0,1.0
2024-12-24,2.0,105.0,1919.0,0.0,1.0,1000.0,0.0,1.0,-2000000.0,1.0
2024-12-25,2.0,105.0,1919.0,1.0,1.0,1000.0,0.0,1.0,-2000000.0,1.0
2024-12-26,1.0,64.0,1953.0,0.0,1.0,1000.0,0.0,1.0,-2000000.0,1.0
2024-12-27,1.0,64.0,1953.0,0.0,1.0,1000.0,0.0,1.0,-2000000.0,1.0
2024-12-28,1.0,64.0,1953.0,0.0,1.0,1000.0,0.0,1.0,-2000000.0,1.0
2024-12-29,1.0,64.0,1953.0,0.0,1.0,1000.0,0.0,1.0,-2000000.0,1.0
2024-12-30,1.0,64.0,1953.0,1.0,1.0,1000.0,0.0,1.0,-2000000.0,1.0
2024-12-31,1.0,87.0,1442.0,0.0,1.0,1000.0,0.0,1.0,-2000000.0,1.0
2025-01-01,1.0,87.0,1442.0,0.0,1.0,1000.0,0.0,1.0,-2000000.0,1.0
2025-01-02,1.0,87.0,1442.0,0.0,1.0,1000.0,0.0,1.0,-2000000.0,1.0
2025-01-03,2.0,61.0,1728.5,0.0,1.0,1000.0,0.0,1.0,-2000000.0,1.0
2025-01-04,2.0,61.0,1728.5,0.0,1.0,1000.0,0.0,1.0,-2000000.0,1.0
2025-01-05,2.0,61.0,1728.5,0.0,1.0,1000.0,0.0,1.0,-2000000.0,1.0
2025-01-06,2.0,61.0,1728.5,0.0,1.0,1000.0,0.0,1.0,-2000000.0,1.0
2025-01-07,2.0,61.0,1728.5,0.0,1.0,1000.0,0.0,1.0,-2000000.0,1.0
2025-01-08,2.0,61.0,1728.5,0.0,1.0,1000.0,0.0,1.0,-2000000.0,1.0
2025-01-09,2.0,61.0,1728.5,0.0,1.0,1000.0,0.0,1.0,-2000000.0,1.0
2025-01-10,2.0,61.0,1728.5,0.0,1.0,1000.0,0.0,1.0,-2000000.0,1.0
2025-01-11,2.0,61.0,1728.5,0.0,1.0,1000.0,0.0,1.0,-2000000.0,1.0
2025-01-12,2.0,61.0,1728.5,0.0,1.0,1000.0,0.0,1.0,-2000000.0,1.0
2025-01-13,2.0,61.0,1728.5,0.0,1.0,1000.0,0.0,1.0,-2000000.0,1.0
2025-01-14,2.0,61.0,1728.5,0.0,1.0,1000.0,0.0,1.0,-2000000.0,1.0
2025-01-15,2.0,61.0,1728.5,0.0,1.0,1000.0,0.0,1.0,-2000000.0,1.0
2025-01-16,2.0,61.0,1728.5,1.0,1.0,1000.0,0.0,1.0,-2000000.0,1.0
2025-01-17,1.0,72.0,1411.0,1.0,1.0,1000.0,0.0,1.0,-2000000.0,1.0
2025-01-18,1.0,49.0,2099.0,0.0,1.0,1000.0,0.0,1.0,-2000000.0,1.0
2025-01-19,1.0,49.0,2099.0,0.0,1.0,1000.0,0.0,1.0,-2000000.0,1.0
2025-01-20,1.0,49.0,2099.0,1.0,1.0,1000.0,0.0,1.0,-2000000.0,1.0
2025-01-21,1.0,114.0,1334.0,0.0,1.0,1000.0,0.0,1.0,-2000000.0,1.0
2025-01-22,1.0,114.0,1334.0,0.0,1.0,1000.0,0.0,1.0,-2000000.0,1.0
2025-01-23,1.0,114.0,1334.0,0.0,1.0,1000.0,0.0,1.0,-2000000.0,1.0
2025-01-24,2.0,86.0,1538.0,1.0,1.0,1000.0,0.0,1.0,-2000000.0,1.0
2025-01-25,2.0,117.0,1930.0,0.0,1.0,1000.0,0.0,1.0,-2000000.0,1.0
2025-01-26,2.0,117.0,1930.0,0.0,1.0,1000.0,0.0,1.0,-2000000.0,1.0
2025-01-27,2.0,117.0,1930.0,0.0,1.0,1000.0,0.0,1.0,-2000000.0,1.0
2025-01-28,2.0,117.0,1930.0,0.0,1.0,1000.0,0.0,1.0,-2000000.0,1.0
2025-01-29,2.0,117.0,1930.0,0.0,1.0,1000.0,0.0,1.0,-2000000.0,1.0
2025-01-30,2.0,117.0,1930.0,0.0,1.0,1000.0,0.0,1.0,-2000000.0,1.0
2025-01-31,2.0,117.0,1930.0,0.0,1.0,1000.0,0.0,1.0,-2000000.0,1.0
2025-02-01,2.0,117.0,1930.0,0.0,1.0,1000.0,0.0,1.0,-2000000.0,1.0
2025-02-02,2.0,117.0,1930.0,0.0,1.0,1000.0,0.0,1.0,-2000000.0,1.0
2025-02-03,2.0,117.0,1930.0,-1.0,1.0,1000.0,0.0,1.0,-2000000.0,1.0
2025-02-04,2.0,83.5,1881.0,0.0,1.0,1000.0,0.0,1.0,-2000000.0,1.0
2025-02-05,1.0,112.0,2129.0,1.0,1.0,1000.0,0.0,1.0,-2000000.0,1.0
2025-02-06,1.0,70.0,1831.0,1.0,1.0,1000.0,0.0,1.0,-2000000.0,1.0
2025-02-07,1.0,130.0,2088.0,0.0,1.0,1000.0,0.0,1.0,-2000000.0,1.0
2025-02-08,1.0,130.0,2088.0,0.0,1.0,1000.0,0.0,1.0,-2000000.0,1.0
2025-02-09,1.0,130.0,2088.0,0.0,1.0,1000.0,0.0,1.0,-2000000.0,1.0
2025-02-10,1.0,130.0,2088.0,0.0,1.0,1000.0,0.0,1.0,-2000000.0,1.0
2025-02-11,1.0,130.0,2088.0,0.0,1.0,1000.0,0.0,1.0,-2000000.0,1.0
2025-02-12,1.0,67.0,1519.0,1.0,1.0,1000.0,0.0,1.0,-2000000.0,1.0
2025-02-13,1.0,87.0,1688.0,-1.0,1.0,1000.0,0.0,1.0,-2000000.0,1.0
2025-02-14,1.0,75.0,2436.0,1.0,1.0,1000.0,0.0,1.0,-2000000.0,1.0
2025-02-15,1.0,50.0,1396.0,0.0,1.0,1000.0,0.0,1.0,-2000000.0,1.0
2025-02-16,1.0,50.0,1396.0,0.0,1.0,1000.0,0.0,1.0,-2000000.0,1.0
2025-02-17,1.0,50.0,1396.0,1.0,1.0,1000.0,0.0,1.0,-2000000.0,1.0
2025-02-18,1.0,102.0,1906.0,1.0,1.0,1000.0,0.0,1.0,-2000000.0,1.0
2025-02-19,1.0,96.0,1674.0,1.0,1.0,1000.0,0.0,1.0,-2000000.0,1.0
2025-02-20,1.0,99.0,1905.0,0.0,1.0,1000.0,0.0,1.0,-2000000.0,1.0
2025-02-21,1.0,64.0,1127.0,0.0,1.0,1000.0,0.0,1.0,-2000000.0,1.0
2025-02-22,1.0,64.0,1127.0,0.0,1.0,1000.0,0.0,1.0,-2000000.0,1.0
2025-02-23,1.0,82.0,1441.0,0.0,1.0,1000.0,0.0,1.0,-2000000.0,1.0
2025-02-24,1.0,121.0,1684.0,0.0,1.0,1000.0,0.0,1.0,-2000000.0,1.0
2025-02-25,1.0,121.0,1684.0,1.0,1.0,1000.0,0.0,1.0,-2000000.0,1.0
2025-02-26,3.0,85.66666666666667,1646.0,1.0,1.0,1000.0,0.0,1.0,-2000000.0,1.0
2025-02-27,1.0,157.0,2562.0,0.0,1.0,1000.0,0.0,1.0,-2000000.0,1.0
2025-02-28,1.0,157.0,2562.0,1.0,1.0,1000.0,0.0,1.0,-2000000.0,1.0
2025-03-01,3.0,82.0,1690.6666666666667,0.0,1.0,1000.0,0.0,1.0,-2000000.0,1.0
2025-03-02,3.0,82.0,1690.6666666666667,0.0,1.0,1000.0,0.0,1.0,-2000000.0,1.0
2025-03-03,3.0,82.0,1690.6666666666667,0.0,1.0,1000.0,0.0,1.0,-2000000.0,1.0
2025-03-04,3.0,82.0,1690.6666666666667,0.0,1.0,1000.0,0.0,1.0,-2000000.0,1.0
2025-03-05,3.0,82.0,1690.6666666666667,0.0,1.0,1000.0,0.0,1.0,-2000000.0,1.0
2025-03-06,3.0,82.0,1690.6666666666667,0.0,1.0,1000.0,0.0,1.0,-2000000.0,1.0
2025-03-07,3.0,82.0,1690.6666666666667,0.0,1.0,1000.0,0.0,1.0,-2000000.0,1.0
2025-03-08,3.0,82.0,1690.6666666666667,0.0,1.0,1000.0,0.0,1.0,-2000000.0,1.0
2025-03-09,3.0,82.0,1690.6666666666667,0.0,1.0,1000.0,0.0,1.0,-2000000.0,1.0
2025-03-10,3.0,82.0,1690.6666666666667,0.0,1.0,1000.0,0.0,1.0,-2000000.0,1.0
2025-03-11,3.0,82.0,1690.6666666666667,1.0,1.0,1000.0,0.0,1.0,-2000000.0,1.0
2025-03-12,3.0,82.0,1690.6666666666667,0.0,1.0,1000.0,0.0,1.0,-2000000.0,1.0
2025-03-13,3.0,82.0,1690.6666666666667,0.0,1.0,1000.0,0.0,1.0,-2000000.0,1.0
2025-03-14,3.0,82.0,1690.6666666666667,0.0,1.0,1000.0,0.0,1.0,-2000000.0,1.0
2025-03-15,3.0,82.0,1690.6666666666667,0.0,1.0,1000.0,0.0,1.0,-2000000.0,1.0
2025-03-16,3.0,82.0,1690.6666666666667,0.0,1.0,1000.0,0.0,1.0,-2000000.0,1.0
2025-03-17,3.0,82.0,1690.6666666666667,0.0,1.0,1000.0,0.0,1.0,-2000000.0,1.0
2025-03-18,3.0,82.0,1690.6666666666667,0.0,1.0,1000.0,0.0,1.0,-2000000.0,1.0
2025-03-19,3.0,82.0,1690.6666666666667,0.0,1.0,1000.0,0.0,1.0,-2000000.0,1.0
2025-03-20,3.0,82.0,1690.6666666666667,0.0,1.0,1000.0,0.0,1.0,-2000000.0,1.0
2025-03-21,3.0,82.0,1690.6666666666667,0.0,1.0,1000.0,0.0,1.0,-2000000.0,1.0
2025-03-22,3.0,82.0,1690.6666666666667,0.0,1.0,1000.0,0.0,1.0,-2000000.0,1.0
2025-03-23,3.0,82.0,1690.6666666666667,0.0,1.0,1000.0,0.0,1.0,-2000000.0,1.0
2025-03-24,3.0,82.0,1690.6666666666667,0.0,1.0,1000.0,0.0,1.0,-2000000.0,1.0
2025-03-25,3.0,82.0,1690.6666666666667,0.0,1.0,1000.0,0.0,1.0,-2000000.0,1.0
2025-03-26,3.0,82.0,1690.6666666666667,0.0,1.0,1000.0,0.0,1.0,-2000000.0,1.0
2025-03-27,3.0,82.0,1690.6666666666667,0.0,1.0,1000.0,0.0,1.0,-2000000.0,1.0
2025-03-28,3.0,82.0,1690.6666666666667,0.0,1.0,1000.0,0.0,1.0,-2000000.0,1.0
2025-03-29,3.0,82.0,1690.6666666666667,0.0,1.0,1000.0,0.0,1.0,-2000000.0,1.0
2025-03-30,3.0,82.0,1690.6666666666667,0.0,1.0,1000.0,0.0,1.0,-2000000.0,1.0
2025-03-31,3.0,82.0,1690.6666666666667,0.0,1.0,1000.0,0.0,1.0,-2000000.0,1.0
2025-04-01,3.0,82.0,1690.6666666666667,0.0,1.0,1000.0,0.0,1.0,-2000000.0,1.0
2025-04-02,3.0,82.0,1690.6666666666667,0.0,1.0,1000.0,0.0,1.0,-2000000.0,1.0
2025-04-03,3.0,82.0,1690.6666666666667,0.0,1.0,1000.0,0.0,1.0,-2000000.0,1.0
2025-04-04,3.0,82.0,1690.6666666666667,0.0,1.0,1000.0,0.0,1.0,-2000000.0,1.0
2025-04-05,3.0,82.0,1690.6666666666667,0.0,1.0,1000.0,0.0,1.0,-2000000.0,1.0
2025-04-06,3.0,82.0,1690.6666666666667,0.0,1.0,1000.0,0.0,1.0,-2000000.0,1.0
2025-04-07,3.0,82.0,1690.6666666666667,0.0,1.0,1000.0,0.0,1.0,-2000000.0,1.0
2025-04-08,3.0,82.0,1690.6666666666667,0.0,1.0,1000.0,0.0,1.0,-2000000.0,1.0
2025-04-09,3.0,82.0,1690.6666666666667,0.0,1.0,1000.0,0.0,1.0,-2000000.0,1.0
2025-04-10,3.0,82.0,1690.6666666666667,0.0,1.0,1000.0,0.0,1.0,-2000000.0,1.0
2025-04-11,3.0,82.0,1690.6666666666667,0.0,1.0,1000.0,0.0,1.0,-2000000.0,1.0
2025-04-12,3.0,82.0,1690.6666666666667,0.0,1.0,1000.0,0.0,1.0,-2000000.0,1.0
2025-04-13,3.0,82.0,1690.6666666666667,0.0,1.0,1000.0,0.0,1.0,-2000000.0,1.0
2025-04-14,3.0,82.0,1690.6666666666667,0.0,1.0,1000.0,0.0,1.0,-2000000.0,1.0
2025-04-15,3.0,82.0,1690.6666666666667,0.0,1.0,1000.0,0.0,1.0,-2000000.0,1.0
